2026-06-07 08:10:26.478 | INFO     | __main__:main:52 - ============================================================
2026-06-07 08:10:26.479 | INFO     | __main__:main:53 -   Archer-Robot Vocal Collaboration System
2026-06-07 08:10:26.479 | INFO     | __main__:main:54 - ============================================================
2026-06-07 08:10:26.494 | INFO     | config.config_loader:get_config:23 - Config loaded from /home/harsh-upadhyay/Documents/CS Projects/Archer Robot/Archer-Robot-Vocal-Collaboration-System/config/config.yaml
2026-06-07 08:10:26.494 | INFO     | __main__:main:63 - Synthesis engine : sinusoidal
2026-06-07 08:10:26.494 | INFO     | __main__:main:64 - Pitch engine     : pyin
2026-06-07 08:10:26.494 | INFO     | __main__:main:65 - Cree tokenizer   : disabled
2026-06-07 08:10:26.494 | INFO     | __main__:main:66 - ------------------------------------------------------------
2026-06-07 08:10:27.424 | INFO     | core.pipeline:__init__:22 - Initializing Archer-Robot Vocal Collaboration pipeline
2026-06-07 08:10:27.424 | INFO     | analysis.pitch_detector:__init__:17 - Pitch engine: pYIN
2026-06-07 08:10:27.424 | INFO     | analysis.cree_tokenizer:__init__:48 - Cree tokenizer disabled — running in neutral mode
2026-06-07 08:10:27.424 | INFO     | synthesis.vocable_synthesizer:_init_engine:44 - Vocable synthesizer engine: sinusoidal
2026-06-07 08:10:27.424 | INFO     | core.pipeline:__init__:38 - Pipeline initialized, all modules ready!
2026-06-07 08:10:27.424 | INFO     | __main__:main:75 - Starting pipeline!
2026-06-07 08:10:27.424 | INFO     | output.timing_sync:start:31 - TimingSync playback thread started
2026-06-07 08:10:27.424 | INFO     | core.audio_capture:start:41 - Opening audio stream: device=default, rate=44100Hz, frame=1024 samples
2026-06-07 08:10:27.432 | INFO     | core.audio_capture:start:58 - Audio capture started
2026-06-07 08:10:27.433 | INFO     | core.pipeline:start:49 - Pipeline running, Archer can sing now
2026-06-07 08:11:55.825 | DEBUG    | analysis.rhythm_analyzer:_detect_onset_in_buffer:90 - Onset detected at t=87.702s
2026-06-07 08:11:59.204 | DEBUG    | analysis.rhythm_analyzer:_detect_onset_in_buffer:90 - Onset detected at t=87.754s
2026-06-07 08:11:59.315 | DEBUG    | analysis.rhythm_analyzer:_detect_onset_in_buffer:90 - Onset detected at t=87.824s
2026-06-07 08:12:05.687 | DEBUG    | analysis.rhythm_analyzer:_estimate_tempo:111 - Tempo updated: 40.0 BPM
2026-06-07 08:12:05.791 | DEBUG    | analysis.rhythm_analyzer:_detect_onset_in_buffer:90 - Onset detected at t=87.893s
2026-06-07 08:12:05.894 | DEBUG    | analysis.rhythm_analyzer:_detect_onset_in_buffer:90 - Onset detected at t=87.963s
2026-06-07 08:12:06.000 | DEBUG    | analysis.rhythm_analyzer:_detect_onset_in_buffer:90 - Onset detected at t=88.033s
2026-06-07 08:12:06.108 | DEBUG    | analysis.rhythm_analyzer:_detect_onset_in_buffer:90 - Onset detected at t=88.102s
2026-06-07 08:12:06.233 | DEBUG    | analysis.rhythm_analyzer:_detect_onset_in_buffer:90 - Onset detected at t=88.172s
2026-06-07 08:12:06.351 | DEBUG    | analysis.rhythm_analyzer:_detect_onset_in_buffer:90 - Onset detected at t=88.242s
2026-06-07 08:12:06.541 | DEBUG    | analysis.rhythm_analyzer:_detect_onset_in_buffer:90 - Onset detected at t=88.311s
2026-06-07 08:12:06.682 | DEBUG    | analysis.rhythm_analyzer:_detect_onset_in_buffer:90 - Onset detected at t=88.381s
2026-06-07 08:12:06.815 | DEBUG    | analysis.rhythm_analyzer:_detect_onset_in_buffer:90 - Onset detected at t=88.451s
2026-06-07 08:12:06.923 | DEBUG    | analysis.rhythm_analyzer:_detect_onset_in_buffer:90 - Onset detected at t=88.520s
2026-06-07 08:12:07.034 | DEBUG    | analysis.rhythm_analyzer:_detect_onset_in_buffer:90 - Onset detected at t=88.590s
2026-06-07 08:12:07.137 | DEBUG    | analysis.rhythm_analyzer:_detect_onset_in_buffer:90 - Onset detected at t=88.660s
2026-06-07 08:12:07.242 | DEBUG    | analysis.rhythm_analyzer:_detect_onset_in_buffer:90 - Onset detected at t=88.729s
2026-06-07 08:12:07.345 | DEBUG    | analysis.rhythm_analyzer:_detect_onset_in_buffer:90 - Onset detected at t=88.799s
2026-06-07 08:12:07.449 | DEBUG    | analysis.rhythm_analyzer:_detect_onset_in_buffer:90 - Onset detected at t=88.869s
2026-06-07 08:12:07.553 | DEBUG    | analysis.rhythm_analyzer:_detect_onset_in_buffer:90 - Onset detected at t=88.938s
2026-06-07 08:12:07.663 | DEBUG    | analysis.rhythm_analyzer:_detect_onset_in_buffer:90 - Onset detected at t=89.008s
2026-06-07 08:12:07.786 | DEBUG    | analysis.rhythm_analyzer:_detect_onset_in_buffer:90 - Onset detected at t=89.078s
2026-06-07 08:12:07.909 | DEBUG    | analysis.rhythm_analyzer:_detect_onset_in_buffer:90 - Onset detected at t=89.147s
2026-06-07 08:12:08.065 | DEBUG    | analysis.rhythm_analyzer:_detect_onset_in_buffer:90 - Onset detected at t=89.217s
2026-06-07 08:12:08.190 | DEBUG    | analysis.rhythm_analyzer:_detect_onset_in_buffer:90 - Onset detected at t=89.287s
2026-06-07 08:12:08.417 | DEBUG    | analysis.rhythm_analyzer:_detect_onset_in_buffer:90 - Onset detected at t=89.356s
2026-06-07 08:12:08.617 | DEBUG    | analysis.rhythm_analyzer:_detect_onset_in_buffer:90 - Onset detected at t=89.426s
2026-06-07 08:12:08.755 | DEBUG    | analysis.rhythm_analyzer:_detect_onset_in_buffer:90 - Onset detected at t=89.496s
2026-06-07 08:12:08.907 | DEBUG    | analysis.rhythm_analyzer:_detect_onset_in_buffer:90 - Onset detected at t=89.565s
2026-06-07 08:12:09.059 | DEBUG    | analysis.rhythm_analyzer:_detect_onset_in_buffer:90 - Onset detected at t=89.635s
2026-06-07 08:12:09.189 | DEBUG    | analysis.rhythm_analyzer:_detect_onset_in_buffer:90 - Onset detected at t=89.704s
2026-06-07 08:12:09.320 | DEBUG    | analysis.rhythm_analyzer:_detect_onset_in_buffer:90 - Onset detected at t=89.774s
2026-06-07 08:12:09.445 | DEBUG    | analysis.rhythm_analyzer:_detect_onset_in_buffer:90 - Onset detected at t=89.844s
2026-06-07 08:12:09.596 | DEBUG    | analysis.rhythm_analyzer:_detect_onset_in_buffer:90 - Onset detected at t=89.913s
2026-06-07 08:12:09.728 | DEBUG    | analysis.rhythm_analyzer:_detect_onset_in_buffer:90 - Onset detected at t=89.983s
2026-06-07 08:12:09.878 | DEBUG    | analysis.rhythm_analyzer:_detect_onset_in_buffer:90 - Onset detected at t=90.053s
2026-06-07 08:12:10.030 | DEBUG    | analysis.rhythm_analyzer:_detect_onset_in_buffer:90 - Onset detected at t=90.122s
2026-06-07 08:12:10.184 | DEBUG    | analysis.rhythm_analyzer:_detect_onset_in_buffer:90 - Onset detected at t=90.192s
2026-06-07 08:12:10.293 | DEBUG    | analysis.rhythm_analyzer:_detect_onset_in_buffer:90 - Onset detected at t=90.262s
2026-06-07 08:12:10.406 | DEBUG    | analysis.rhythm_analyzer:_detect_onset_in_buffer:90 - Onset detected at t=90.331s
2026-06-07 08:12:10.522 | DEBUG    | analysis.rhythm_analyzer:_detect_onset_in_buffer:90 - Onset detected at t=90.401s
2026-06-07 08:12:10.648 | DEBUG    | analysis.rhythm_analyzer:_detect_onset_in_buffer:90 - Onset detected at t=90.471s
2026-06-07 08:12:10.767 | DEBUG    | analysis.rhythm_analyzer:_detect_onset_in_buffer:90 - Onset detected at t=90.540s
2026-06-07 08:12:10.888 | DEBUG    | analysis.rhythm_analyzer:_detect_onset_in_buffer:90 - Onset detected at t=90.610s
2026-06-07 08:12:11.022 | DEBUG    | analysis.rhythm_analyzer:_detect_onset_in_buffer:90 - Onset detected at t=90.680s
2026-06-07 08:12:11.063 | DEBUG    | analysis.rhythm_analyzer:_detect_onset_in_buffer:90 - Onset detected at t=92.653s
2026-06-07 08:12:11.116 | DEBUG    | analysis.rhythm_analyzer:_detect_onset_in_buffer:90 - Onset detected at t=92.938s
2026-06-07 08:12:15.778 | DEBUG    | analysis.rhythm_analyzer:_detect_onset_in_buffer:90 - Onset detected at t=93.002s
2026-06-07 08:12:15.953 | DEBUG    | analysis.rhythm_analyzer:_detect_onset_in_buffer:90 - Onset detected at t=93.071s
2026-06-07 08:12:16.107 | DEBUG    | analysis.rhythm_analyzer:_detect_onset_in_buffer:90 - Onset detected at t=93.141s
2026-06-07 08:12:16.226 | DEBUG    | analysis.rhythm_analyzer:_detect_onset_in_buffer:90 - Onset detected at t=93.211s
2026-06-07 08:12:16.352 | DEBUG    | analysis.rhythm_analyzer:_detect_onset_in_buffer:90 - Onset detected at t=93.280s
2026-06-07 08:12:16.484 | DEBUG    | analysis.rhythm_analyzer:_detect_onset_in_buffer:90 - Onset detected at t=93.350s
2026-06-07 08:12:16.593 | DEBUG    | analysis.rhythm_analyzer:_detect_onset_in_buffer:90 - Onset detected at t=93.420s
2026-06-07 08:12:16.703 | DEBUG    | analysis.rhythm_analyzer:_detect_onset_in_buffer:90 - Onset detected at t=93.489s
2026-06-07 08:12:16.813 | DEBUG    | analysis.rhythm_analyzer:_detect_onset_in_buffer:90 - Onset detected at t=93.559s
2026-06-07 08:12:16.988 | DEBUG    | analysis.rhythm_analyzer:_detect_onset_in_buffer:90 - Onset detected at t=93.629s
2026-06-07 08:12:17.291 | DEBUG    | analysis.rhythm_analyzer:_detect_onset_in_buffer:90 - Onset detected at t=93.698s
2026-06-07 08:12:17.577 | DEBUG    | analysis.rhythm_analyzer:_detect_onset_in_buffer:90 - Onset detected at t=93.768s
2026-06-07 08:12:17.864 | DEBUG    | analysis.rhythm_analyzer:_detect_onset_in_buffer:90 - Onset detected at t=93.838s
2026-06-07 08:12:18.096 | DEBUG    | analysis.rhythm_analyzer:_detect_onset_in_buffer:90 - Onset detected at t=93.907s
2026-06-07 08:12:18.394 | DEBUG    | analysis.rhythm_analyzer:_detect_onset_in_buffer:90 - Onset detected at t=93.977s
2026-06-07 08:12:18.577 | DEBUG    | analysis.rhythm_analyzer:_detect_onset_in_buffer:90 - Onset detected at t=94.047s
2026-06-07 08:12:18.748 | DEBUG    | analysis.rhythm_analyzer:_detect_onset_in_buffer:90 - Onset detected at t=94.116s
2026-06-07 08:12:18.886 | DEBUG    | analysis.rhythm_analyzer:_detect_onset_in_buffer:90 - Onset detected at t=94.186s
2026-06-07 08:12:19.045 | DEBUG    | analysis.rhythm_analyzer:_detect_onset_in_buffer:90 - Onset detected at t=94.256s
2026-06-07 08:12:19.211 | DEBUG    | analysis.rhythm_analyzer:_detect_onset_in_buffer:90 - Onset detected at t=94.325s
2026-06-07 08:12:19.354 | DEBUG    | analysis.rhythm_analyzer:_detect_onset_in_buffer:90 - Onset detected at t=94.395s
2026-06-07 08:12:19.519 | DEBUG    | analysis.rhythm_analyzer:_detect_onset_in_buffer:90 - Onset detected at t=94.465s
2026-06-07 08:12:19.708 | DEBUG    | analysis.rhythm_analyzer:_detect_onset_in_buffer:90 - Onset detected at t=94.534s
2026-06-07 08:12:19.955 | DEBUG    | analysis.rhythm_analyzer:_detect_onset_in_buffer:90 - Onset detected at t=94.604s
2026-06-07 08:12:20.203 | DEBUG    | analysis.rhythm_analyzer:_detect_onset_in_buffer:90 - Onset detected at t=94.674s
2026-06-07 08:12:20.411 | DEBUG    | analysis.rhythm_analyzer:_detect_onset_in_buffer:90 - Onset detected at t=94.743s
2026-06-07 08:12:20.627 | DEBUG    | analysis.rhythm_analyzer:_detect_onset_in_buffer:90 - Onset detected at t=94.813s
2026-06-07 08:12:20.850 | DEBUG    | analysis.rhythm_analyzer:_detect_onset_in_buffer:90 - Onset detected at t=94.883s
2026-06-07 08:12:21.038 | DEBUG    | analysis.rhythm_analyzer:_detect_onset_in_buffer:90 - Onset detected at t=94.952s
2026-06-07 08:12:21.238 | DEBUG    | analysis.rhythm_analyzer:_detect_onset_in_buffer:90 - Onset detected at t=95.022s
2026-06-07 08:12:21.464 | DEBUG    | analysis.rhythm_analyzer:_detect_onset_in_buffer:90 - Onset detected at t=95.092s
2026-06-07 08:12:21.648 | DEBUG    | analysis.rhythm_analyzer:_detect_onset_in_buffer:90 - Onset detected at t=95.161s
2026-06-07 08:12:21.799 | DEBUG    | analysis.rhythm_analyzer:_detect_onset_in_buffer:90 - Onset detected at t=95.231s
2026-06-07 08:12:21.983 | DEBUG    | analysis.rhythm_analyzer:_detect_onset_in_buffer:90 - Onset detected at t=95.300s
2026-06-07 08:12:22.180 | DEBUG    | analysis.rhythm_analyzer:_detect_onset_in_buffer:90 - Onset detected at t=95.370s
2026-06-07 08:12:22.358 | DEBUG    | analysis.rhythm_analyzer:_detect_onset_in_buffer:90 - Onset detected at t=95.440s
2026-06-07 08:12:22.522 | DEBUG    | analysis.rhythm_analyzer:_detect_onset_in_buffer:90 - Onset detected at t=95.509s
2026-06-07 08:12:22.701 | DEBUG    | analysis.rhythm_analyzer:_detect_onset_in_buffer:90 - Onset detected at t=95.579s
2026-06-07 08:12:22.898 | DEBUG    | analysis.rhythm_analyzer:_detect_onset_in_buffer:90 - Onset detected at t=95.649s
2026-06-07 08:12:23.113 | DEBUG    | analysis.rhythm_analyzer:_detect_onset_in_buffer:90 - Onset detected at t=95.718s
2026-06-07 08:12:23.347 | DEBUG    | analysis.rhythm_analyzer:_detect_onset_in_buffer:90 - Onset detected at t=95.788s
2026-06-07 08:12:23.534 | DEBUG    | analysis.rhythm_analyzer:_detect_onset_in_buffer:90 - Onset detected at t=95.858s
2026-06-07 08:12:23.707 | DEBUG    | analysis.rhythm_analyzer:_detect_onset_in_buffer:90 - Onset detected at t=95.927s
2026-06-07 08:12:23.912 | DEBUG    | analysis.rhythm_analyzer:_detect_onset_in_buffer:90 - Onset detected at t=95.997s
2026-06-07 08:12:24.045 | DEBUG    | analysis.rhythm_analyzer:_detect_onset_in_buffer:90 - Onset detected at t=96.067s
2026-06-07 08:12:24.179 | DEBUG    | analysis.rhythm_analyzer:_detect_onset_in_buffer:90 - Onset detected at t=96.136s
2026-06-07 08:12:24.301 | DEBUG    | analysis.rhythm_analyzer:_detect_onset_in_buffer:90 - Onset detected at t=96.206s
2026-06-07 08:12:24.430 | DEBUG    | analysis.rhythm_analyzer:_detect_onset_in_buffer:90 - Onset detected at t=96.276s
2026-06-07 08:12:24.560 | DEBUG    | analysis.rhythm_analyzer:_detect_onset_in_buffer:90 - Onset detected at t=96.345s
2026-06-07 08:12:24.700 | DEBUG    | analysis.rhythm_analyzer:_detect_onset_in_buffer:90 - Onset detected at t=96.415s
2026-06-07 08:12:24.840 | DEBUG    | analysis.rhythm_analyzer:_detect_onset_in_buffer:90 - Onset detected at t=96.485s
2026-06-07 08:12:24.983 | DEBUG    | analysis.rhythm_analyzer:_detect_onset_in_buffer:90 - Onset detected at t=96.554s
2026-06-07 08:12:25.130 | DEBUG    | analysis.rhythm_analyzer:_detect_onset_in_buffer:90 - Onset detected at t=96.624s
2026-06-07 08:12:25.282 | DEBUG    | analysis.rhythm_analyzer:_detect_onset_in_buffer:90 - Onset detected at t=96.694s
2026-06-07 08:12:25.420 | DEBUG    | analysis.rhythm_analyzer:_detect_onset_in_buffer:90 - Onset detected at t=96.763s
2026-06-07 08:12:25.564 | DEBUG    | analysis.rhythm_analyzer:_detect_onset_in_buffer:90 - Onset detected at t=96.833s
2026-06-07 08:12:25.712 | DEBUG    | analysis.rhythm_analyzer:_detect_onset_in_buffer:90 - Onset detected at t=96.903s
2026-06-07 08:12:25.862 | DEBUG    | analysis.rhythm_analyzer:_detect_onset_in_buffer:90 - Onset detected at t=96.972s
2026-06-07 08:12:26.004 | DEBUG    | analysis.rhythm_analyzer:_detect_onset_in_buffer:90 - Onset detected at t=97.042s
2026-06-07 08:12:26.146 | DEBUG    | analysis.rhythm_analyzer:_detect_onset_in_buffer:90 - Onset detected at t=97.112s
2026-06-07 08:12:26.289 | DEBUG    | analysis.rhythm_analyzer:_detect_onset_in_buffer:90 - Onset detected at t=97.181s
2026-06-07 08:12:26.421 | DEBUG    | analysis.rhythm_analyzer:_detect_onset_in_buffer:90 - Onset detected at t=97.251s
2026-06-07 08:12:26.538 | DEBUG    | analysis.rhythm_analyzer:_detect_onset_in_buffer:90 - Onset detected at t=97.321s
2026-06-07 08:12:26.661 | DEBUG    | analysis.rhythm_analyzer:_detect_onset_in_buffer:90 - Onset detected at t=97.390s
2026-06-07 08:12:26.799 | DEBUG    | analysis.rhythm_analyzer:_detect_onset_in_buffer:90 - Onset detected at t=97.460s
2026-06-07 08:12:26.945 | DEBUG    | analysis.rhythm_analyzer:_detect_onset_in_buffer:90 - Onset detected at t=97.530s
2026-06-07 08:12:27.097 | DEBUG    | analysis.rhythm_analyzer:_detect_onset_in_buffer:90 - Onset detected at t=97.599s
2026-06-07 08:12:27.256 | DEBUG    | analysis.rhythm_analyzer:_detect_onset_in_buffer:90 - Onset detected at t=97.669s
2026-06-07 08:12:27.404 | DEBUG    | analysis.rhythm_analyzer:_detect_onset_in_buffer:90 - Onset detected at t=97.739s
2026-06-07 08:12:27.516 | DEBUG    | analysis.rhythm_analyzer:_detect_onset_in_buffer:90 - Onset detected at t=97.808s
2026-06-07 08:12:27.638 | DEBUG    | analysis.rhythm_analyzer:_detect_onset_in_buffer:90 - Onset detected at t=97.878s
2026-06-07 08:12:27.775 | DEBUG    | analysis.rhythm_analyzer:_detect_onset_in_buffer:90 - Onset detected at t=97.948s
2026-06-07 08:12:27.922 | DEBUG    | analysis.rhythm_analyzer:_detect_onset_in_buffer:90 - Onset detected at t=98.017s
2026-06-07 08:12:28.069 | DEBUG    | analysis.rhythm_analyzer:_detect_onset_in_buffer:90 - Onset detected at t=98.087s
2026-06-07 08:12:28.215 | DEBUG    | analysis.rhythm_analyzer:_detect_onset_in_buffer:90 - Onset detected at t=98.157s
2026-06-07 08:12:28.359 | DEBUG    | analysis.rhythm_analyzer:_detect_onset_in_buffer:90 - Onset detected at t=98.226s
2026-06-07 08:12:28.481 | DEBUG    | analysis.rhythm_analyzer:_detect_onset_in_buffer:90 - Onset detected at t=98.296s
2026-06-07 08:12:28.699 | DEBUG    | analysis.rhythm_analyzer:_detect_onset_in_buffer:90 - Onset detected at t=98.366s
2026-06-07 08:12:28.834 | DEBUG    | analysis.rhythm_analyzer:_detect_onset_in_buffer:90 - Onset detected at t=98.435s
2026-06-07 08:12:28.979 | DEBUG    | analysis.rhythm_analyzer:_detect_onset_in_buffer:90 - Onset detected at t=98.505s
2026-06-07 08:12:29.127 | DEBUG    | analysis.rhythm_analyzer:_detect_onset_in_buffer:90 - Onset detected at t=98.575s
2026-06-07 08:12:29.291 | DEBUG    | analysis.rhythm_analyzer:_detect_onset_in_buffer:90 - Onset detected at t=98.644s
2026-06-07 08:12:29.441 | DEBUG    | analysis.rhythm_analyzer:_detect_onset_in_buffer:90 - Onset detected at t=98.714s
2026-06-07 08:12:29.562 | DEBUG    | analysis.rhythm_analyzer:_detect_onset_in_buffer:90 - Onset detected at t=98.783s
2026-06-07 08:12:29.692 | DEBUG    | analysis.rhythm_analyzer:_detect_onset_in_buffer:90 - Onset detected at t=98.853s
2026-06-07 08:12:29.838 | DEBUG    | analysis.rhythm_analyzer:_detect_onset_in_buffer:90 - Onset detected at t=98.923s
2026-06-07 08:12:29.999 | DEBUG    | analysis.rhythm_analyzer:_detect_onset_in_buffer:90 - Onset detected at t=98.992s
2026-06-07 08:12:30.162 | DEBUG    | analysis.rhythm_analyzer:_detect_onset_in_buffer:90 - Onset detected at t=99.062s
2026-06-07 08:12:30.315 | DEBUG    | analysis.rhythm_analyzer:_detect_onset_in_buffer:90 - Onset detected at t=99.132s
2026-06-07 08:12:30.450 | DEBUG    | analysis.rhythm_analyzer:_detect_onset_in_buffer:90 - Onset detected at t=99.201s
2026-06-07 08:12:30.563 | DEBUG    | analysis.rhythm_analyzer:_detect_onset_in_buffer:90 - Onset detected at t=99.271s
2026-06-07 08:12:30.690 | DEBUG    | analysis.rhythm_analyzer:_detect_onset_in_buffer:90 - Onset detected at t=99.341s
2026-06-07 08:12:30.837 | DEBUG    | analysis.rhythm_analyzer:_detect_onset_in_buffer:90 - Onset detected at t=99.410s
2026-06-07 08:12:30.987 | DEBUG    | analysis.rhythm_analyzer:_detect_onset_in_buffer:90 - Onset detected at t=99.480s
2026-06-07 08:12:31.149 | DEBUG    | analysis.rhythm_analyzer:_detect_onset_in_buffer:90 - Onset detected at t=99.550s
2026-06-07 08:12:31.323 | DEBUG    | analysis.rhythm_analyzer:_detect_onset_in_buffer:90 - Onset detected at t=99.619s
2026-06-07 08:12:31.460 | DEBUG    | analysis.rhythm_analyzer:_detect_onset_in_buffer:90 - Onset detected at t=99.689s
2026-06-07 08:12:31.572 | DEBUG    | analysis.rhythm_analyzer:_detect_onset_in_buffer:90 - Onset detected at t=99.759s
2026-06-07 08:12:31.726 | DEBUG    | analysis.rhythm_analyzer:_detect_onset_in_buffer:90 - Onset detected at t=99.828s
2026-06-07 08:12:31.892 | DEBUG    | analysis.rhythm_analyzer:_detect_onset_in_buffer:90 - Onset detected at t=99.898s
2026-06-07 08:12:32.063 | DEBUG    | analysis.rhythm_analyzer:_detect_onset_in_buffer:90 - Onset detected at t=99.968s
2026-06-07 08:12:32.221 | DEBUG    | analysis.rhythm_analyzer:_detect_onset_in_buffer:90 - Onset detected at t=100.037s
2026-06-07 08:12:32.368 | DEBUG    | analysis.rhythm_analyzer:_detect_onset_in_buffer:90 - Onset detected at t=100.107s
2026-06-07 08:12:32.490 | DEBUG    | analysis.rhythm_analyzer:_detect_onset_in_buffer:90 - Onset detected at t=100.177s
2026-06-07 08:12:32.605 | DEBUG    | analysis.rhythm_analyzer:_detect_onset_in_buffer:90 - Onset detected at t=100.246s
2026-06-07 08:12:32.746 | DEBUG    | analysis.rhythm_analyzer:_detect_onset_in_buffer:90 - Onset detected at t=100.316s
2026-06-07 08:12:32.928 | DEBUG    | analysis.rhythm_analyzer:_detect_onset_in_buffer:90 - Onset detected at t=100.386s
2026-06-07 08:12:33.079 | DEBUG    | analysis.rhythm_analyzer:_detect_onset_in_buffer:90 - Onset detected at t=100.455s
2026-06-07 08:12:33.232 | DEBUG    | analysis.rhythm_analyzer:_detect_onset_in_buffer:90 - Onset detected at t=100.525s
2026-06-07 08:12:33.377 | DEBUG    | analysis.rhythm_analyzer:_detect_onset_in_buffer:90 - Onset detected at t=100.595s
2026-06-07 08:12:33.491 | DEBUG    | analysis.rhythm_analyzer:_detect_onset_in_buffer:90 - Onset detected at t=100.664s
2026-06-07 08:12:33.617 | DEBUG    | analysis.rhythm_analyzer:_detect_onset_in_buffer:90 - Onset detected at t=100.734s
2026-06-07 08:12:33.754 | DEBUG    | analysis.rhythm_analyzer:_detect_onset_in_buffer:90 - Onset detected at t=100.804s
2026-06-07 08:12:33.903 | DEBUG    | analysis.rhythm_analyzer:_detect_onset_in_buffer:90 - Onset detected at t=100.873s
2026-06-07 08:12:34.049 | DEBUG    | analysis.rhythm_analyzer:_detect_onset_in_buffer:90 - Onset detected at t=100.943s
2026-06-07 08:12:34.202 | DEBUG    | analysis.rhythm_analyzer:_detect_onset_in_buffer:90 - Onset detected at t=101.013s
2026-06-07 08:12:34.348 | DEBUG    | analysis.rhythm_analyzer:_detect_onset_in_buffer:90 - Onset detected at t=101.082s
2026-06-07 08:12:34.473 | DEBUG    | analysis.rhythm_analyzer:_detect_onset_in_buffer:90 - Onset detected at t=101.152s
2026-06-07 08:12:34.590 | DEBUG    | analysis.rhythm_analyzer:_detect_onset_in_buffer:90 - Onset detected at t=101.222s
2026-06-07 08:12:34.724 | DEBUG    | analysis.rhythm_analyzer:_detect_onset_in_buffer:90 - Onset detected at t=101.291s
2026-06-07 08:12:34.876 | DEBUG    | analysis.rhythm_analyzer:_detect_onset_in_buffer:90 - Onset detected at t=101.361s
2026-06-07 08:12:35.029 | DEBUG    | analysis.rhythm_analyzer:_detect_onset_in_buffer:90 - Onset detected at t=101.431s
2026-06-07 08:12:35.170 | DEBUG    | analysis.rhythm_analyzer:_detect_onset_in_buffer:90 - Onset detected at t=101.500s
2026-06-07 08:12:35.315 | DEBUG    | analysis.rhythm_analyzer:_detect_onset_in_buffer:90 - Onset detected at t=101.570s
2026-06-07 08:12:35.450 | DEBUG    | analysis.rhythm_analyzer:_detect_onset_in_buffer:90 - Onset detected at t=101.640s
2026-06-07 08:12:35.580 | DEBUG    | analysis.rhythm_analyzer:_detect_onset_in_buffer:90 - Onset detected at t=101.709s
2026-06-07 08:12:35.714 | DEBUG    | analysis.rhythm_analyzer:_detect_onset_in_buffer:90 - Onset detected at t=101.779s
2026-06-07 08:12:35.864 | DEBUG    | analysis.rhythm_analyzer:_detect_onset_in_buffer:90 - Onset detected at t=101.849s
2026-06-07 08:12:35.962 | DEBUG    | analysis.rhythm_analyzer:_detect_onset_in_buffer:90 - Onset detected at t=103.857s
2026-06-07 08:12:39.881 | DEBUG    | analysis.rhythm_analyzer:_detect_onset_in_buffer:90 - Onset detected at t=103.921s
2026-06-07 08:12:39.932 | DEBUG    | analysis.rhythm_analyzer:_detect_onset_in_buffer:90 - Onset detected at t=104.554s
2026-06-07 08:12:40.030 | DEBUG    | analysis.rhythm_analyzer:_detect_onset_in_buffer:90 - Onset detected at t=105.552s
2026-06-07 08:12:40.526 | DEBUG    | analysis.rhythm_analyzer:_detect_onset_in_buffer:90 - Onset detected at t=106.133s
2026-06-07 08:12:40.689 | DEBUG    | analysis.rhythm_analyzer:_detect_onset_in_buffer:90 - Onset detected at t=106.231s
2026-06-07 08:12:42.162 | DEBUG    | analysis.rhythm_analyzer:_detect_onset_in_buffer:90 - Onset detected at t=106.951s
2026-06-07 08:12:42.452 | DEBUG    | analysis.rhythm_analyzer:_detect_onset_in_buffer:90 - Onset detected at t=107.085s
2026-06-07 08:12:43.212 | DEBUG    | analysis.rhythm_analyzer:_detect_onset_in_buffer:90 - Onset detected at t=107.462s
2026-06-07 08:12:43.689 | DEBUG    | analysis.rhythm_analyzer:_detect_onset_in_buffer:90 - Onset detected at t=107.700s
2026-06-07 08:12:44.129 | DEBUG    | analysis.rhythm_analyzer:_detect_onset_in_buffer:90 - Onset detected at t=107.926s
2026-06-07 08:12:44.457 | DEBUG    | analysis.rhythm_analyzer:_detect_onset_in_buffer:90 - Onset detected at t=108.083s
2026-06-07 08:12:44.710 | DEBUG    | analysis.rhythm_analyzer:_detect_onset_in_buffer:90 - Onset detected at t=108.217s
2026-06-07 08:12:45.016 | DEBUG    | analysis.rhythm_analyzer:_detect_onset_in_buffer:90 - Onset detected at t=108.362s
2026-06-07 08:12:45.262 | DEBUG    | analysis.rhythm_analyzer:_detect_onset_in_buffer:90 - Onset detected at t=108.466s
2026-06-07 08:12:46.690 | DEBUG    | analysis.rhythm_analyzer:_detect_onset_in_buffer:90 - Onset detected at t=109.186s
2026-06-07 08:12:46.936 | DEBUG    | analysis.rhythm_analyzer:_detect_onset_in_buffer:90 - Onset detected at t=109.314s
2026-06-07 08:12:48.895 | DEBUG    | analysis.rhythm_analyzer:_detect_onset_in_buffer:90 - Onset detected at t=110.237s
2026-06-07 08:12:52.917 | DEBUG    | analysis.rhythm_analyzer:_detect_onset_in_buffer:90 - Onset detected at t=112.176s
2026-06-07 08:12:54.615 | DEBUG    | analysis.rhythm_analyzer:_detect_onset_in_buffer:90 - Onset detected at t=112.930s
2026-06-07 08:12:54.964 | DEBUG    | analysis.rhythm_analyzer:_detect_onset_in_buffer:90 - Onset detected at t=113.093s
2026-06-07 08:12:56.453 | DEBUG    | analysis.rhythm_analyzer:_detect_onset_in_buffer:90 - Onset detected at t=113.209s
2026-06-07 08:12:57.278 | DEBUG    | analysis.rhythm_analyzer:_detect_onset_in_buffer:90 - Onset detected at t=114.033s
2026-06-07 08:12:57.623 | DEBUG    | analysis.rhythm_analyzer:_detect_onset_in_buffer:90 - Onset detected at t=114.196s
2026-06-07 08:12:57.912 | DEBUG    | analysis.rhythm_analyzer:_detect_onset_in_buffer:90 - Onset detected at t=114.283s
2026-06-07 08:12:58.282 | DEBUG    | analysis.rhythm_analyzer:_detect_onset_in_buffer:90 - Onset detected at t=114.440s
2026-06-07 08:12:58.547 | DEBUG    | analysis.rhythm_analyzer:_detect_onset_in_buffer:90 - Onset detected at t=114.590s
2026-06-07 08:12:58.725 | DEBUG    | analysis.rhythm_analyzer:_detect_onset_in_buffer:90 - Onset detected at t=114.672s
2026-06-07 08:12:58.870 | DEBUG    | analysis.rhythm_analyzer:_detect_onset_in_buffer:90 - Onset detected at t=114.747s
2026-06-07 08:12:59.112 | DEBUG    | analysis.rhythm_analyzer:_detect_onset_in_buffer:90 - Onset detected at t=114.858s
2026-06-07 08:12:59.536 | DEBUG    | analysis.rhythm_analyzer:_detect_onset_in_buffer:90 - Onset detected at t=115.020s
2026-06-07 08:12:59.580 | DEBUG    | analysis.rhythm_analyzer:_detect_onset_in_buffer:90 - Onset detected at t=115.101s
2026-06-07 08:12:59.757 | DEBUG    | analysis.rhythm_analyzer:_detect_onset_in_buffer:90 - Onset detected at t=115.177s
2026-06-07 08:12:59.961 | DEBUG    | analysis.rhythm_analyzer:_detect_onset_in_buffer:90 - Onset detected at t=115.281s
2026-06-07 08:13:00.164 | DEBUG    | analysis.rhythm_analyzer:_detect_onset_in_buffer:90 - Onset detected at t=115.374s
2026-06-07 08:13:00.317 | DEBUG    | analysis.rhythm_analyzer:_detect_onset_in_buffer:90 - Onset detected at t=115.450s
2026-06-07 08:13:00.482 | DEBUG    | analysis.rhythm_analyzer:_detect_onset_in_buffer:90 - Onset detected at t=115.525s
2026-06-07 08:13:00.694 | DEBUG    | analysis.rhythm_analyzer:_detect_onset_in_buffer:90 - Onset detected at t=115.641s
2026-06-07 08:13:00.890 | DEBUG    | analysis.rhythm_analyzer:_detect_onset_in_buffer:90 - Onset detected at t=115.734s
2026-06-07 08:13:01.174 | DEBUG    | analysis.rhythm_analyzer:_detect_onset_in_buffer:90 - Onset detected at t=115.862s
2026-06-07 08:13:01.412 | DEBUG    | analysis.rhythm_analyzer:_detect_onset_in_buffer:90 - Onset detected at t=115.955s
2026-06-07 08:13:01.631 | DEBUG    | analysis.rhythm_analyzer:_detect_onset_in_buffer:90 - Onset detected at t=116.042s
2026-06-07 08:13:01.783 | DEBUG    | analysis.rhythm_analyzer:_detect_onset_in_buffer:90 - Onset detected at t=116.129s
2026-06-07 08:13:03.278 | DEBUG    | analysis.rhythm_analyzer:_detect_onset_in_buffer:90 - Onset detected at t=116.843s
2026-06-07 08:13:03.459 | DEBUG    | analysis.rhythm_analyzer:_detect_onset_in_buffer:90 - Onset detected at t=116.924s
2026-06-07 08:13:03.661 | DEBUG    | analysis.rhythm_analyzer:_detect_onset_in_buffer:90 - Onset detected at t=117.034s
2026-06-07 08:13:03.946 | DEBUG    | analysis.rhythm_analyzer:_detect_onset_in_buffer:90 - Onset detected at t=117.185s
2026-06-07 08:13:04.203 | DEBUG    | analysis.rhythm_analyzer:_detect_onset_in_buffer:90 - Onset detected at t=117.307s
2026-06-07 08:13:04.451 | DEBUG    | analysis.rhythm_analyzer:_detect_onset_in_buffer:90 - Onset detected at t=117.423s
2026-06-07 08:13:04.669 | DEBUG    | analysis.rhythm_analyzer:_detect_onset_in_buffer:90 - Onset detected at t=117.534s
2026-06-07 08:13:05.238 | DEBUG    | analysis.rhythm_analyzer:_detect_onset_in_buffer:90 - Onset detected at t=117.760s
2026-06-07 08:13:05.496 | DEBUG    | analysis.rhythm_analyzer:_detect_onset_in_buffer:90 - Onset detected at t=117.882s
2026-06-07 08:13:05.756 | DEBUG    | analysis.rhythm_analyzer:_detect_onset_in_buffer:90 - Onset detected at t=118.021s
2026-06-07 08:13:06.140 | DEBUG    | analysis.rhythm_analyzer:_detect_onset_in_buffer:90 - Onset detected at t=118.132s
2026-06-07 08:13:09.547 | DEBUG    | analysis.rhythm_analyzer:_detect_onset_in_buffer:90 - Onset detected at t=119.832s
2026-06-07 08:13:13.915 | DEBUG    | analysis.rhythm_analyzer:_detect_onset_in_buffer:90 - Onset detected at t=121.754s
2026-06-07 08:13:14.085 | DEBUG    | analysis.rhythm_analyzer:_detect_onset_in_buffer:90 - Onset detected at t=121.829s
2026-06-07 08:13:15.079 | DEBUG    | analysis.rhythm_analyzer:_detect_onset_in_buffer:90 - Onset detected at t=122.288s
2026-06-07 08:13:15.178 | DEBUG    | analysis.rhythm_analyzer:_detect_onset_in_buffer:90 - Onset detected at t=122.340s
2026-06-07 08:13:15.846 | DEBUG    | analysis.rhythm_analyzer:_detect_onset_in_buffer:90 - Onset detected at t=122.659s
2026-06-07 08:13:16.246 | DEBUG    | analysis.rhythm_analyzer:_detect_onset_in_buffer:90 - Onset detected at t=122.845s
2026-06-07 08:13:16.527 | DEBUG    | analysis.rhythm_analyzer:_detect_onset_in_buffer:90 - Onset detected at t=122.996s
2026-06-07 08:13:16.912 | DEBUG    | analysis.rhythm_analyzer:_detect_onset_in_buffer:90 - Onset detected at t=123.141s
2026-06-07 08:13:18.721 | DEBUG    | analysis.rhythm_analyzer:_detect_onset_in_buffer:90 - Onset detected at t=123.989s
2026-06-07 08:13:19.000 | DEBUG    | analysis.rhythm_analyzer:_detect_onset_in_buffer:90 - Onset detected at t=124.111s
2026-06-07 08:13:19.212 | DEBUG    | analysis.rhythm_analyzer:_detect_onset_in_buffer:90 - Onset detected at t=124.192s
2026-06-07 08:13:19.466 | DEBUG    | analysis.rhythm_analyzer:_detect_onset_in_buffer:90 - Onset detected at t=124.302s
2026-06-07 08:13:19.602 | DEBUG    | analysis.rhythm_analyzer:_detect_onset_in_buffer:90 - Onset detected at t=124.378s
2026-06-07 08:13:19.733 | DEBUG    | analysis.rhythm_analyzer:_detect_onset_in_buffer:90 - Onset detected at t=124.459s
2026-06-07 08:13:19.978 | DEBUG    | analysis.rhythm_analyzer:_detect_onset_in_buffer:90 - Onset detected at t=124.558s
2026-06-07 08:13:20.222 | DEBUG    | analysis.rhythm_analyzer:_detect_onset_in_buffer:90 - Onset detected at t=124.680s
2026-06-07 08:13:21.115 | DEBUG    | analysis.rhythm_analyzer:_detect_onset_in_buffer:90 - Onset detected at t=125.156s
2026-06-07 08:13:22.338 | DEBUG    | analysis.rhythm_analyzer:_detect_onset_in_buffer:90 - Onset detected at t=125.626s
2026-06-07 08:13:22.661 | DEBUG    | analysis.rhythm_analyzer:_detect_onset_in_buffer:90 - Onset detected at t=125.829s
2026-06-07 08:13:23.444 | DEBUG    | analysis.rhythm_analyzer:_detect_onset_in_buffer:90 - Onset detected at t=126.142s
2026-06-07 08:13:23.639 | DEBUG    | analysis.rhythm_analyzer:_detect_onset_in_buffer:90 - Onset detected at t=126.241s
2026-06-07 08:13:23.866 | DEBUG    | analysis.rhythm_analyzer:_detect_onset_in_buffer:90 - Onset detected at t=126.340s
2026-06-07 08:13:24.128 | DEBUG    | analysis.rhythm_analyzer:_detect_onset_in_buffer:90 - Onset detected at t=126.438s
2026-06-07 08:13:24.246 | DEBUG    | analysis.rhythm_analyzer:_detect_onset_in_buffer:90 - Onset detected at t=126.491s
2026-06-07 08:13:28.439 | DEBUG    | analysis.rhythm_analyzer:_detect_onset_in_buffer:90 - Onset detected at t=128.232s
2026-06-07 08:13:28.972 | DEBUG    | analysis.rhythm_analyzer:_detect_onset_in_buffer:90 - Onset detected at t=128.476s
2026-06-07 08:13:31.522 | DEBUG    | analysis.rhythm_analyzer:_detect_onset_in_buffer:90 - Onset detected at t=129.579s
2026-06-07 08:13:32.494 | DEBUG    | analysis.rhythm_analyzer:_detect_onset_in_buffer:90 - Onset detected at t=129.950s
2026-06-07 08:13:35.618 | DEBUG    | analysis.rhythm_analyzer:_detect_onset_in_buffer:90 - Onset detected at t=131.338s
2026-06-07 08:13:35.914 | DEBUG    | analysis.rhythm_analyzer:_detect_onset_in_buffer:90 - Onset detected at t=131.489s
2026-06-07 08:13:36.435 | DEBUG    | analysis.rhythm_analyzer:_detect_onset_in_buffer:90 - Onset detected at t=131.721s
2026-06-07 08:13:37.406 | DEBUG    | analysis.rhythm_analyzer:_detect_onset_in_buffer:90 - Onset detected at t=132.145s
2026-06-07 08:13:40.717 | DEBUG    | analysis.rhythm_analyzer:_detect_onset_in_buffer:90 - Onset detected at t=132.673s
2026-06-07 08:13:41.420 | DEBUG    | analysis.rhythm_analyzer:_detect_onset_in_buffer:90 - Onset detected at t=133.973s
2026-06-07 08:13:41.673 | DEBUG    | analysis.rhythm_analyzer:_detect_onset_in_buffer:90 - Onset detected at t=134.095s
2026-06-07 08:13:41.815 | DEBUG    | analysis.rhythm_analyzer:_detect_onset_in_buffer:90 - Onset detected at t=134.159s
2026-06-07 08:13:41.965 | DEBUG    | analysis.rhythm_analyzer:_detect_onset_in_buffer:90 - Onset detected at t=134.235s
2026-06-07 08:13:42.281 | DEBUG    | analysis.rhythm_analyzer:_detect_onset_in_buffer:90 - Onset detected at t=134.362s
2026-06-07 08:13:42.523 | DEBUG    | analysis.rhythm_analyzer:_detect_onset_in_buffer:90 - Onset detected at t=134.490s
2026-06-07 08:13:42.754 | DEBUG    | analysis.rhythm_analyzer:_detect_onset_in_buffer:90 - Onset detected at t=134.589s
2026-06-07 08:13:43.112 | DEBUG    | analysis.rhythm_analyzer:_detect_onset_in_buffer:90 - Onset detected at t=134.763s
2026-06-07 08:13:43.262 | DEBUG    | analysis.rhythm_analyzer:_detect_onset_in_buffer:90 - Onset detected at t=134.832s
2026-06-07 08:13:43.491 | DEBUG    | analysis.rhythm_analyzer:_detect_onset_in_buffer:90 - Onset detected at t=134.937s
2026-06-07 08:13:43.774 | DEBUG    | analysis.rhythm_analyzer:_detect_onset_in_buffer:90 - Onset detected at t=135.076s
2026-06-07 08:13:47.113 | DEBUG    | analysis.rhythm_analyzer:_detect_onset_in_buffer:90 - Onset detected at t=135.163s
2026-06-07 08:13:47.820 | DEBUG    | analysis.rhythm_analyzer:_detect_onset_in_buffer:90 - Onset detected at t=136.783s
2026-06-07 08:13:52.205 | DEBUG    | analysis.rhythm_analyzer:_detect_onset_in_buffer:90 - Onset detected at t=138.257s
2026-06-07 08:13:52.451 | DEBUG    | analysis.rhythm_analyzer:_detect_onset_in_buffer:90 - Onset detected at t=138.362s
2026-06-07 08:13:52.616 | DEBUG    | analysis.rhythm_analyzer:_detect_onset_in_buffer:90 - Onset detected at t=138.432s
2026-06-07 08:13:52.878 | DEBUG    | analysis.rhythm_analyzer:_detect_onset_in_buffer:90 - Onset detected at t=138.524s
2026-06-07 08:13:53.100 | DEBUG    | analysis.rhythm_analyzer:_detect_onset_in_buffer:90 - Onset detected at t=138.588s
2026-06-07 08:13:53.363 | DEBUG    | analysis.rhythm_analyzer:_detect_onset_in_buffer:90 - Onset detected at t=138.681s
2026-06-07 08:13:53.492 | DEBUG    | analysis.rhythm_analyzer:_detect_onset_in_buffer:90 - Onset detected at t=138.739s
2026-06-07 08:13:53.859 | DEBUG    | analysis.rhythm_analyzer:_detect_onset_in_buffer:90 - Onset detected at t=138.838s
2026-06-07 08:13:53.982 | DEBUG    | analysis.rhythm_analyzer:_detect_onset_in_buffer:90 - Onset detected at t=138.896s
2026-06-07 08:13:54.196 | DEBUG    | analysis.rhythm_analyzer:_detect_onset_in_buffer:90 - Onset detected at t=138.989s
2026-06-07 08:13:54.529 | DEBUG    | analysis.rhythm_analyzer:_detect_onset_in_buffer:90 - Onset detected at t=139.146s
2026-06-07 08:13:54.982 | DEBUG    | analysis.rhythm_analyzer:_detect_onset_in_buffer:90 - Onset detected at t=139.320s
2026-06-07 08:13:55.252 | DEBUG    | analysis.rhythm_analyzer:_detect_onset_in_buffer:90 - Onset detected at t=139.407s
2026-06-07 08:13:55.570 | DEBUG    | analysis.rhythm_analyzer:_detect_onset_in_buffer:90 - Onset detected at t=139.552s
2026-06-07 08:13:56.652 | DEBUG    | analysis.rhythm_analyzer:_detect_onset_in_buffer:90 - Onset detected at t=139.941s
2026-06-07 08:13:56.986 | DEBUG    | analysis.rhythm_analyzer:_detect_onset_in_buffer:90 - Onset detected at t=140.057s
2026-06-07 08:13:57.391 | DEBUG    | analysis.rhythm_analyzer:_detect_onset_in_buffer:90 - Onset detected at t=140.196s
2026-06-07 08:13:57.568 | DEBUG    | analysis.rhythm_analyzer:_detect_onset_in_buffer:90 - Onset detected at t=140.272s
2026-06-07 08:13:57.831 | DEBUG    | analysis.rhythm_analyzer:_detect_onset_in_buffer:90 - Onset detected at t=140.359s
2026-06-07 08:13:58.092 | DEBUG    | analysis.rhythm_analyzer:_detect_onset_in_buffer:90 - Onset detected at t=140.446s
2026-06-07 08:13:58.369 | DEBUG    | analysis.rhythm_analyzer:_detect_onset_in_buffer:90 - Onset detected at t=140.550s
2026-06-07 08:13:58.781 | DEBUG    | analysis.rhythm_analyzer:_detect_onset_in_buffer:90 - Onset detected at t=140.678s
2026-06-07 08:13:59.318 | DEBUG    | analysis.rhythm_analyzer:_detect_onset_in_buffer:90 - Onset detected at t=140.858s
2026-06-07 08:13:59.529 | DEBUG    | analysis.rhythm_analyzer:_detect_onset_in_buffer:90 - Onset detected at t=140.968s
2026-06-07 08:13:59.876 | DEBUG    | analysis.rhythm_analyzer:_detect_onset_in_buffer:90 - Onset detected at t=141.084s
2026-06-07 08:14:00.297 | DEBUG    | analysis.rhythm_analyzer:_detect_onset_in_buffer:90 - Onset detected at t=141.218s
2026-06-07 08:14:00.466 | DEBUG    | analysis.rhythm_analyzer:_detect_onset_in_buffer:90 - Onset detected at t=141.293s
2026-06-07 08:14:00.980 | DEBUG    | analysis.rhythm_analyzer:_detect_onset_in_buffer:90 - Onset detected at t=141.404s
2026-06-07 08:14:01.294 | DEBUG    | analysis.rhythm_analyzer:_detect_onset_in_buffer:90 - Onset detected at t=141.572s
2026-06-07 08:14:01.723 | DEBUG    | analysis.rhythm_analyzer:_detect_onset_in_buffer:90 - Onset detected at t=141.740s
2026-06-07 08:14:01.993 | DEBUG    | analysis.rhythm_analyzer:_detect_onset_in_buffer:90 - Onset detected at t=141.845s
2026-06-07 08:14:02.241 | DEBUG    | analysis.rhythm_analyzer:_detect_onset_in_buffer:90 - Onset detected at t=141.903s
2026-06-07 08:14:02.396 | DEBUG    | analysis.rhythm_analyzer:_detect_onset_in_buffer:90 - Onset detected at t=141.961s
2026-06-07 08:14:02.685 | DEBUG    | analysis.rhythm_analyzer:_detect_onset_in_buffer:90 - Onset detected at t=142.054s
2026-06-07 08:14:03.038 | DEBUG    | analysis.rhythm_analyzer:_detect_onset_in_buffer:90 - Onset detected at t=142.170s
2026-06-07 08:14:03.418 | DEBUG    | analysis.rhythm_analyzer:_detect_onset_in_buffer:90 - Onset detected at t=142.292s
2026-06-07 08:14:03.786 | DEBUG    | analysis.rhythm_analyzer:_detect_onset_in_buffer:90 - Onset detected at t=142.414s
2026-06-07 08:14:04.020 | DEBUG    | analysis.rhythm_analyzer:_detect_onset_in_buffer:90 - Onset detected at t=142.518s
2026-06-07 08:14:04.706 | DEBUG    | analysis.rhythm_analyzer:_detect_onset_in_buffer:90 - Onset detected at t=142.774s
2026-06-07 08:14:05.190 | DEBUG    | analysis.rhythm_analyzer:_detect_onset_in_buffer:90 - Onset detected at t=142.930s
2026-06-07 08:14:05.678 | DEBUG    | analysis.rhythm_analyzer:_detect_onset_in_buffer:90 - Onset detected at t=143.122s
2026-06-07 08:14:05.957 | DEBUG    | analysis.rhythm_analyzer:_detect_onset_in_buffer:90 - Onset detected at t=143.203s
2026-06-07 08:14:06.301 | DEBUG    | analysis.rhythm_analyzer:_detect_onset_in_buffer:90 - Onset detected at t=143.354s
2026-06-07 08:14:06.666 | DEBUG    | analysis.rhythm_analyzer:_detect_onset_in_buffer:90 - Onset detected at t=143.447s
2026-06-07 08:14:09.094 | DEBUG    | analysis.rhythm_analyzer:_detect_onset_in_buffer:90 - Onset detected at t=144.341s
2026-06-07 08:14:09.661 | DEBUG    | analysis.rhythm_analyzer:_detect_onset_in_buffer:90 - Onset detected at t=144.521s
2026-06-07 08:14:09.954 | DEBUG    | analysis.rhythm_analyzer:_detect_onset_in_buffer:90 - Onset detected at t=144.602s
2026-06-07 08:14:10.159 | DEBUG    | analysis.rhythm_analyzer:_detect_onset_in_buffer:90 - Onset detected at t=144.678s
2026-06-07 08:14:10.399 | DEBUG    | analysis.rhythm_analyzer:_detect_onset_in_buffer:90 - Onset detected at t=144.765s
2026-06-07 08:14:10.532 | DEBUG    | analysis.rhythm_analyzer:_detect_onset_in_buffer:90 - Onset detected at t=144.840s
2026-06-07 08:14:10.997 | DEBUG    | analysis.rhythm_analyzer:_detect_onset_in_buffer:90 - Onset detected at t=144.997s
2026-06-07 08:14:11.421 | DEBUG    | analysis.rhythm_analyzer:_detect_onset_in_buffer:90 - Onset detected at t=145.078s
2026-06-07 08:14:11.486 | DEBUG    | analysis.rhythm_analyzer:_detect_onset_in_buffer:90 - Onset detected at t=145.154s
2026-06-07 08:14:11.839 | DEBUG    | analysis.rhythm_analyzer:_detect_onset_in_buffer:90 - Onset detected at t=145.299s
2026-06-07 08:14:12.805 | DEBUG    | analysis.rhythm_analyzer:_detect_onset_in_buffer:90 - Onset detected at t=145.682s
2026-06-07 08:14:13.013 | DEBUG    | analysis.rhythm_analyzer:_detect_onset_in_buffer:90 - Onset detected at t=145.752s
2026-06-07 08:14:13.584 | DEBUG    | analysis.rhythm_analyzer:_detect_onset_in_buffer:90 - Onset detected at t=145.949s
2026-06-07 08:14:18.373 | DEBUG    | analysis.rhythm_analyzer:_detect_onset_in_buffer:90 - Onset detected at t=147.772s
2026-06-07 08:14:18.558 | DEBUG    | analysis.rhythm_analyzer:_detect_onset_in_buffer:90 - Onset detected at t=147.859s
2026-06-07 08:14:19.820 | DEBUG    | analysis.rhythm_analyzer:_detect_onset_in_buffer:90 - Onset detected at t=148.376s
2026-06-07 08:14:20.063 | DEBUG    | analysis.rhythm_analyzer:_detect_onset_in_buffer:90 - Onset detected at t=148.468s
2026-06-07 08:14:20.958 | DEBUG    | analysis.rhythm_analyzer:_detect_onset_in_buffer:90 - Onset detected at t=148.834s
2026-06-07 08:14:21.836 | DEBUG    | analysis.rhythm_analyzer:_detect_onset_in_buffer:90 - Onset detected at t=149.159s
2026-06-07 08:14:23.288 | DEBUG    | analysis.rhythm_analyzer:_detect_onset_in_buffer:90 - Onset detected at t=149.804s
2026-06-07 08:14:23.531 | DEBUG    | analysis.rhythm_analyzer:_detect_onset_in_buffer:90 - Onset detected at t=149.914s
2026-06-07 08:14:28.513 | DEBUG    | analysis.rhythm_analyzer:_detect_onset_in_buffer:90 - Onset detected at t=151.783s
2026-06-07 08:14:28.750 | DEBUG    | analysis.rhythm_analyzer:_detect_onset_in_buffer:90 - Onset detected at t=151.859s
2026-06-07 08:14:32.913 | DEBUG    | analysis.rhythm_analyzer:_detect_onset_in_buffer:90 - Onset detected at t=152.224s
2026-06-07 08:14:32.963 | DEBUG    | analysis.rhythm_analyzer:_detect_onset_in_buffer:90 - Onset detected at t=153.414s
2026-06-07 08:14:33.106 | DEBUG    | analysis.rhythm_analyzer:_detect_onset_in_buffer:90 - Onset detected at t=153.913s
2026-06-07 08:14:34.997 | DEBUG    | analysis.rhythm_analyzer:_detect_onset_in_buffer:90 - Onset detected at t=154.732s
2026-06-07 08:14:35.489 | DEBUG    | analysis.rhythm_analyzer:_detect_onset_in_buffer:90 - Onset detected at t=154.993s
2026-06-07 08:14:39.442 | DEBUG    | analysis.rhythm_analyzer:_detect_onset_in_buffer:90 - Onset detected at t=155.045s
2026-06-07 08:14:39.517 | DEBUG    | analysis.rhythm_analyzer:_detect_onset_in_buffer:90 - Onset detected at t=156.543s
2026-06-07 08:14:39.554 | DEBUG    | analysis.rhythm_analyzer:_detect_onset_in_buffer:90 - Onset detected at t=156.799s
2026-06-07 08:14:40.011 | DEBUG    | analysis.rhythm_analyzer:_detect_onset_in_buffer:90 - Onset detected at t=157.269s
2026-06-07 08:14:40.446 | DEBUG    | analysis.rhythm_analyzer:_detect_onset_in_buffer:90 - Onset detected at t=157.501s
2026-06-07 08:14:40.900 | DEBUG    | analysis.rhythm_analyzer:_detect_onset_in_buffer:90 - Onset detected at t=157.704s
2026-06-07 08:14:41.052 | DEBUG    | analysis.rhythm_analyzer:_detect_onset_in_buffer:90 - Onset detected at t=157.797s
2026-06-07 08:14:41.568 | DEBUG    | analysis.rhythm_analyzer:_detect_onset_in_buffer:90 - Onset detected at t=157.960s
2026-06-07 08:14:41.606 | DEBUG    | analysis.rhythm_analyzer:_detect_onset_in_buffer:90 - Onset detected at t=158.064s
2026-06-07 08:14:42.902 | DEBUG    | analysis.rhythm_analyzer:_detect_onset_in_buffer:90 - Onset detected at t=158.714s
2026-06-07 08:14:43.161 | DEBUG    | analysis.rhythm_analyzer:_detect_onset_in_buffer:90 - Onset detected at t=158.842s
2026-06-07 08:14:47.564 | DEBUG    | analysis.rhythm_analyzer:_detect_onset_in_buffer:90 - Onset detected at t=160.038s
2026-06-07 08:14:47.606 | DEBUG    | analysis.rhythm_analyzer:_detect_onset_in_buffer:90 - Onset detected at t=160.241s
2026-06-07 08:14:48.838 | DEBUG    | analysis.rhythm_analyzer:_detect_onset_in_buffer:90 - Onset detected at t=161.373s
2026-06-07 08:14:49.127 | DEBUG    | analysis.rhythm_analyzer:_detect_onset_in_buffer:90 - Onset detected at t=161.472s
2026-06-07 08:14:49.920 | DEBUG    | analysis.rhythm_analyzer:_detect_onset_in_buffer:90 - Onset detected at t=161.744s
2026-06-07 08:14:51.044 | DEBUG    | analysis.rhythm_analyzer:_detect_onset_in_buffer:90 - Onset detected at t=162.232s
2026-06-07 08:14:52.219 | DEBUG    | analysis.rhythm_analyzer:_detect_onset_in_buffer:90 - Onset detected at t=162.807s
2026-06-07 08:14:52.830 | DEBUG    | analysis.rhythm_analyzer:_detect_onset_in_buffer:90 - Onset detected at t=163.097s
2026-06-07 08:14:57.408 | DEBUG    | analysis.rhythm_analyzer:_detect_onset_in_buffer:90 - Onset detected at t=163.695s
2026-06-07 08:14:57.457 | DEBUG    | analysis.rhythm_analyzer:_detect_onset_in_buffer:90 - Onset detected at t=163.869s
2026-06-07 08:14:57.879 | DEBUG    | analysis.rhythm_analyzer:_detect_onset_in_buffer:90 - Onset detected at t=165.291s
2026-06-07 08:14:58.211 | DEBUG    | analysis.rhythm_analyzer:_detect_onset_in_buffer:90 - Onset detected at t=165.442s
2026-06-07 08:15:00.739 | DEBUG    | analysis.rhythm_analyzer:_detect_onset_in_buffer:90 - Onset detected at t=166.626s
2026-06-07 08:15:00.985 | DEBUG    | analysis.rhythm_analyzer:_detect_onset_in_buffer:90 - Onset detected at t=166.731s
2026-06-07 08:15:01.176 | DEBUG    | analysis.rhythm_analyzer:_detect_onset_in_buffer:90 - Onset detected at t=166.835s
2026-06-07 08:15:01.522 | DEBUG    | analysis.rhythm_analyzer:_detect_onset_in_buffer:90 - Onset detected at t=166.986s
2026-06-07 08:15:01.668 | DEBUG    | analysis.rhythm_analyzer:_detect_onset_in_buffer:90 - Onset detected at t=167.062s
2026-06-07 08:15:01.862 | DEBUG    | analysis.rhythm_analyzer:_detect_onset_in_buffer:90 - Onset detected at t=167.155s
2026-06-07 08:15:02.009 | DEBUG    | analysis.rhythm_analyzer:_detect_onset_in_buffer:90 - Onset detected at t=167.213s
2026-06-07 08:15:02.154 | DEBUG    | analysis.rhythm_analyzer:_detect_onset_in_buffer:90 - Onset detected at t=167.294s
2026-06-07 08:15:02.301 | DEBUG    | analysis.rhythm_analyzer:_detect_onset_in_buffer:90 - Onset detected at t=167.352s
2026-06-07 08:15:02.443 | DEBUG    | analysis.rhythm_analyzer:_detect_onset_in_buffer:90 - Onset detected at t=167.439s
2026-06-07 08:15:02.602 | DEBUG    | analysis.rhythm_analyzer:_detect_onset_in_buffer:90 - Onset detected at t=167.526s
2026-06-07 08:15:02.881 | DEBUG    | analysis.rhythm_analyzer:_detect_onset_in_buffer:90 - Onset detected at t=167.602s
2026-06-07 08:15:03.026 | DEBUG    | analysis.rhythm_analyzer:_detect_onset_in_buffer:90 - Onset detected at t=167.741s
2026-06-07 08:15:03.267 | DEBUG    | analysis.rhythm_analyzer:_detect_onset_in_buffer:90 - Onset detected at t=167.845s
2026-06-07 08:15:03.534 | DEBUG    | analysis.rhythm_analyzer:_detect_onset_in_buffer:90 - Onset detected at t=167.985s
2026-06-07 08:15:03.656 | DEBUG    | analysis.rhythm_analyzer:_detect_onset_in_buffer:90 - Onset detected at t=168.060s
2026-06-07 08:15:03.901 | DEBUG    | analysis.rhythm_analyzer:_detect_onset_in_buffer:90 - Onset detected at t=168.165s
2026-06-07 08:15:04.149 | DEBUG    | analysis.rhythm_analyzer:_detect_onset_in_buffer:90 - Onset detected at t=168.281s
2026-06-07 08:15:04.393 | DEBUG    | analysis.rhythm_analyzer:_detect_onset_in_buffer:90 - Onset detected at t=168.397s
2026-06-07 08:15:04.876 | DEBUG    | analysis.rhythm_analyzer:_detect_onset_in_buffer:90 - Onset detected at t=168.641s
2026-06-07 08:15:05.114 | DEBUG    | analysis.rhythm_analyzer:_detect_onset_in_buffer:90 - Onset detected at t=168.745s
2026-06-07 08:15:05.525 | DEBUG    | analysis.rhythm_analyzer:_detect_onset_in_buffer:90 - Onset detected at t=168.960s
2026-06-07 08:15:05.688 | DEBUG    | analysis.rhythm_analyzer:_detect_onset_in_buffer:90 - Onset detected at t=169.064s
2026-06-07 08:15:06.072 | DEBUG    | analysis.rhythm_analyzer:_detect_onset_in_buffer:90 - Onset detected at t=169.244s
2026-06-07 08:15:06.363 | DEBUG    | analysis.rhythm_analyzer:_detect_onset_in_buffer:90 - Onset detected at t=169.378s
2026-06-07 08:15:06.498 | DEBUG    | analysis.rhythm_analyzer:_detect_onset_in_buffer:90 - Onset detected at t=169.448s
2026-06-07 08:15:06.713 | DEBUG    | analysis.rhythm_analyzer:_detect_onset_in_buffer:90 - Onset detected at t=169.558s
2026-06-07 08:15:06.912 | DEBUG    | analysis.rhythm_analyzer:_detect_onset_in_buffer:90 - Onset detected at t=169.662s
2026-06-07 08:15:07.161 | DEBUG    | analysis.rhythm_analyzer:_detect_onset_in_buffer:90 - Onset detected at t=169.773s
2026-06-07 08:15:07.377 | DEBUG    | analysis.rhythm_analyzer:_detect_onset_in_buffer:90 - Onset detected at t=169.866s
2026-06-07 08:15:07.605 | DEBUG    | analysis.rhythm_analyzer:_detect_onset_in_buffer:90 - Onset detected at t=169.970s
2026-06-07 08:15:07.822 | DEBUG    | analysis.rhythm_analyzer:_detect_onset_in_buffer:90 - Onset detected at t=170.063s
2026-06-07 08:15:08.239 | DEBUG    | analysis.rhythm_analyzer:_detect_onset_in_buffer:90 - Onset detected at t=170.237s
2026-06-07 08:15:08.603 | DEBUG    | analysis.rhythm_analyzer:_detect_onset_in_buffer:90 - Onset detected at t=170.423s
2026-06-07 08:15:08.898 | DEBUG    | analysis.rhythm_analyzer:_detect_onset_in_buffer:90 - Onset detected at t=170.568s
2026-06-07 08:15:09.162 | DEBUG    | analysis.rhythm_analyzer:_detect_onset_in_buffer:90 - Onset detected at t=170.678s
2026-06-07 08:15:09.313 | DEBUG    | analysis.rhythm_analyzer:_detect_onset_in_buffer:90 - Onset detected at t=170.754s
2026-06-07 08:15:09.504 | DEBUG    | analysis.rhythm_analyzer:_detect_onset_in_buffer:90 - Onset detected at t=170.852s
2026-06-07 08:15:09.686 | DEBUG    | analysis.rhythm_analyzer:_detect_onset_in_buffer:90 - Onset detected at t=170.934s
2026-06-07 08:15:10.048 | DEBUG    | analysis.rhythm_analyzer:_detect_onset_in_buffer:90 - Onset detected at t=171.090s
2026-06-07 08:15:10.350 | DEBUG    | analysis.rhythm_analyzer:_detect_onset_in_buffer:90 - Onset detected at t=171.241s
2026-06-07 08:15:10.602 | DEBUG    | analysis.rhythm_analyzer:_detect_onset_in_buffer:90 - Onset detected at t=171.346s
2026-06-07 08:15:10.851 | DEBUG    | analysis.rhythm_analyzer:_detect_onset_in_buffer:90 - Onset detected at t=171.462s
2026-06-07 08:15:11.251 | DEBUG    | analysis.rhythm_analyzer:_detect_onset_in_buffer:90 - Onset detected at t=171.654s
2026-06-07 08:15:11.755 | DEBUG    | analysis.rhythm_analyzer:_detect_onset_in_buffer:90 - Onset detected at t=171.909s
2026-06-07 08:15:11.872 | DEBUG    | analysis.rhythm_analyzer:_detect_onset_in_buffer:90 - Onset detected at t=171.961s
2026-06-07 08:15:11.990 | DEBUG    | analysis.rhythm_analyzer:_detect_onset_in_buffer:90 - Onset detected at t=172.013s
2026-06-07 08:15:12.188 | DEBUG    | analysis.rhythm_analyzer:_detect_onset_in_buffer:90 - Onset detected at t=172.106s
2026-06-07 08:15:12.530 | DEBUG    | analysis.rhythm_analyzer:_detect_onset_in_buffer:90 - Onset detected at t=172.240s
2026-06-07 08:15:12.811 | DEBUG    | analysis.rhythm_analyzer:_detect_onset_in_buffer:90 - Onset detected at t=172.397s
2026-06-07 08:15:13.660 | DEBUG    | analysis.rhythm_analyzer:_detect_onset_in_buffer:90 - Onset detected at t=172.797s
2026-06-07 08:15:13.860 | DEBUG    | analysis.rhythm_analyzer:_detect_onset_in_buffer:90 - Onset detected at t=172.896s
2026-06-07 08:15:14.210 | DEBUG    | analysis.rhythm_analyzer:_detect_onset_in_buffer:90 - Onset detected at t=173.053s
2026-06-07 08:15:14.413 | DEBUG    | analysis.rhythm_analyzer:_detect_onset_in_buffer:90 - Onset detected at t=173.151s
2026-06-07 08:15:14.659 | DEBUG    | analysis.rhythm_analyzer:_detect_onset_in_buffer:90 - Onset detected at t=173.261s
2026-06-07 08:15:14.923 | DEBUG    | analysis.rhythm_analyzer:_detect_onset_in_buffer:90 - Onset detected at t=173.378s
2026-06-07 08:15:15.189 | DEBUG    | analysis.rhythm_analyzer:_detect_onset_in_buffer:90 - Onset detected at t=173.500s
2026-06-07 08:15:15.649 | DEBUG    | analysis.rhythm_analyzer:_detect_onset_in_buffer:90 - Onset detected at t=173.697s
2026-06-07 08:15:15.939 | DEBUG    | analysis.rhythm_analyzer:_detect_onset_in_buffer:90 - Onset detected at t=173.825s
2026-06-07 08:15:16.284 | DEBUG    | analysis.rhythm_analyzer:_detect_onset_in_buffer:90 - Onset detected at t=173.952s
2026-06-07 08:15:16.628 | DEBUG    | analysis.rhythm_analyzer:_detect_onset_in_buffer:90 - Onset detected at t=174.092s
2026-06-07 08:15:16.799 | DEBUG    | analysis.rhythm_analyzer:_detect_onset_in_buffer:90 - Onset detected at t=174.155s
2026-06-07 08:15:17.237 | DEBUG    | analysis.rhythm_analyzer:_detect_onset_in_buffer:90 - Onset detected at t=174.347s
2026-06-07 08:15:17.492 | DEBUG    | analysis.rhythm_analyzer:_detect_onset_in_buffer:90 - Onset detected at t=174.434s
2026-06-07 08:15:17.571 | DEBUG    | analysis.rhythm_analyzer:_detect_onset_in_buffer:90 - Onset detected at t=174.521s
2026-06-07 08:15:17.902 | DEBUG    | analysis.rhythm_analyzer:_detect_onset_in_buffer:90 - Onset detected at t=174.614s
2026-06-07 08:15:18.122 | DEBUG    | analysis.rhythm_analyzer:_detect_onset_in_buffer:90 - Onset detected at t=174.742s
2026-06-07 08:15:18.295 | DEBUG    | analysis.rhythm_analyzer:_detect_onset_in_buffer:90 - Onset detected at t=174.817s
2026-06-07 08:15:18.499 | DEBUG    | analysis.rhythm_analyzer:_detect_onset_in_buffer:90 - Onset detected at t=174.916s
2026-06-07 08:15:18.756 | DEBUG    | analysis.rhythm_analyzer:_detect_onset_in_buffer:90 - Onset detected at t=175.026s
2026-06-07 08:15:18.994 | DEBUG    | analysis.rhythm_analyzer:_detect_onset_in_buffer:90 - Onset detected at t=175.113s
2026-06-07 08:15:19.172 | DEBUG    | analysis.rhythm_analyzer:_detect_onset_in_buffer:90 - Onset detected at t=175.195s
2026-06-07 08:15:19.460 | DEBUG    | analysis.rhythm_analyzer:_detect_onset_in_buffer:90 - Onset detected at t=175.311s
2026-06-07 08:15:19.918 | DEBUG    | analysis.rhythm_analyzer:_detect_onset_in_buffer:90 - Onset detected at t=175.409s
2026-06-07 08:15:20.090 | DEBUG    | analysis.rhythm_analyzer:_detect_onset_in_buffer:90 - Onset detected at t=175.549s
2026-06-07 08:15:20.452 | DEBUG    | analysis.rhythm_analyzer:_detect_onset_in_buffer:90 - Onset detected at t=175.647s
2026-06-07 08:15:20.536 | DEBUG    | analysis.rhythm_analyzer:_detect_onset_in_buffer:90 - Onset detected at t=175.734s
2026-06-07 08:15:20.739 | DEBUG    | analysis.rhythm_analyzer:_detect_onset_in_buffer:90 - Onset detected at t=175.845s
2026-06-07 08:15:21.019 | DEBUG    | analysis.rhythm_analyzer:_detect_onset_in_buffer:90 - Onset detected at t=175.955s
2026-06-07 08:15:22.229 | DEBUG    | analysis.rhythm_analyzer:_detect_onset_in_buffer:90 - Onset detected at t=176.501s
2026-06-07 08:15:22.378 | DEBUG    | analysis.rhythm_analyzer:_detect_onset_in_buffer:90 - Onset detected at t=176.576s
2026-06-07 08:15:22.593 | DEBUG    | analysis.rhythm_analyzer:_detect_onset_in_buffer:90 - Onset detected at t=176.669s
2026-06-07 08:15:22.865 | DEBUG    | analysis.rhythm_analyzer:_detect_onset_in_buffer:90 - Onset detected at t=176.750s
2026-06-07 08:15:22.918 | DEBUG    | analysis.rhythm_analyzer:_detect_onset_in_buffer:90 - Onset detected at t=176.820s
2026-06-07 08:15:23.320 | DEBUG    | analysis.rhythm_analyzer:_detect_onset_in_buffer:90 - Onset detected at t=176.977s
2026-06-07 08:15:23.551 | DEBUG    | analysis.rhythm_analyzer:_detect_onset_in_buffer:90 - Onset detected at t=177.070s
2026-06-07 08:15:23.651 | DEBUG    | analysis.rhythm_analyzer:_detect_onset_in_buffer:90 - Onset detected at t=177.133s
2026-06-07 08:15:23.876 | DEBUG    | analysis.rhythm_analyzer:_detect_onset_in_buffer:90 - Onset detected at t=177.220s
2026-06-07 08:15:24.056 | DEBUG    | analysis.rhythm_analyzer:_detect_onset_in_buffer:90 - Onset detected at t=177.290s
2026-06-07 08:15:24.333 | DEBUG    | analysis.rhythm_analyzer:_detect_onset_in_buffer:90 - Onset detected at t=177.383s
2026-06-07 08:15:25.926 | DEBUG    | analysis.rhythm_analyzer:_detect_onset_in_buffer:90 - Onset detected at t=178.114s
2026-06-07 08:15:26.193 | DEBUG    | analysis.rhythm_analyzer:_detect_onset_in_buffer:90 - Onset detected at t=178.219s
2026-06-07 08:15:30.210 | DEBUG    | analysis.rhythm_analyzer:_detect_onset_in_buffer:90 - Onset detected at t=179.525s
2026-06-07 08:15:30.259 | DEBUG    | analysis.rhythm_analyzer:_detect_onset_in_buffer:90 - Onset detected at t=180.210s
2026-06-07 08:15:30.493 | DEBUG    | analysis.rhythm_analyzer:_detect_onset_in_buffer:90 - Onset detected at t=180.326s
2026-06-07 08:15:33.655 | DEBUG    | analysis.rhythm_analyzer:_detect_onset_in_buffer:90 - Onset detected at t=181.923s
2026-06-07 08:15:35.043 | DEBUG    | analysis.rhythm_analyzer:_detect_onset_in_buffer:90 - Onset detected at t=182.619s
2026-06-07 08:15:38.309 | DEBUG    | analysis.rhythm_analyzer:_detect_onset_in_buffer:90 - Onset detected at t=184.250s
2026-06-07 08:15:38.447 | DEBUG    | analysis.rhythm_analyzer:_detect_onset_in_buffer:90 - Onset detected at t=184.303s
2026-06-07 08:15:40.206 | DEBUG    | analysis.rhythm_analyzer:_detect_onset_in_buffer:90 - Onset detected at t=185.197s
2026-06-07 08:15:40.400 | DEBUG    | analysis.rhythm_analyzer:_detect_onset_in_buffer:90 - Onset detected at t=185.284s
2026-06-07 08:15:44.266 | DEBUG    | analysis.rhythm_analyzer:_detect_onset_in_buffer:90 - Onset detected at t=186.845s
2026-06-07 08:15:44.692 | DEBUG    | analysis.rhythm_analyzer:_detect_onset_in_buffer:90 - Onset detected at t=187.460s
2026-06-07 08:15:44.933 | DEBUG    | analysis.rhythm_analyzer:_detect_onset_in_buffer:90 - Onset detected at t=187.594s
2026-06-07 08:15:46.692 | DEBUG    | analysis.rhythm_analyzer:_detect_onset_in_buffer:90 - Onset detected at t=188.476s
2026-06-07 08:15:46.932 | DEBUG    | analysis.rhythm_analyzer:_detect_onset_in_buffer:90 - Onset detected at t=188.575s
2026-06-07 08:15:47.077 | DEBUG    | analysis.rhythm_analyzer:_detect_onset_in_buffer:90 - Onset detected at t=188.645s
2026-06-07 08:15:47.275 | DEBUG    | analysis.rhythm_analyzer:_detect_onset_in_buffer:90 - Onset detected at t=188.749s
2026-06-07 08:15:48.545 | DEBUG    | analysis.rhythm_analyzer:_detect_onset_in_buffer:90 - Onset detected at t=189.405s
2026-06-07 08:15:48.726 | DEBUG    | analysis.rhythm_analyzer:_detect_onset_in_buffer:90 - Onset detected at t=189.498s
2026-06-07 08:15:48.934 | DEBUG    | analysis.rhythm_analyzer:_detect_onset_in_buffer:90 - Onset detected at t=189.568s
2026-06-07 08:15:49.143 | DEBUG    | analysis.rhythm_analyzer:_detect_onset_in_buffer:90 - Onset detected at t=189.666s
2026-06-07 08:15:51.887 | DEBUG    | analysis.rhythm_analyzer:_detect_onset_in_buffer:90 - Onset detected at t=191.031s
2026-06-07 08:15:52.143 | DEBUG    | analysis.rhythm_analyzer:_detect_onset_in_buffer:90 - Onset detected at t=191.129s
2026-06-07 08:15:55.185 | DEBUG    | analysis.rhythm_analyzer:_detect_onset_in_buffer:90 - Onset detected at t=192.604s
2026-06-07 08:15:55.433 | DEBUG    | analysis.rhythm_analyzer:_detect_onset_in_buffer:90 - Onset detected at t=192.720s
2026-06-07 08:15:57.086 | DEBUG    | analysis.rhythm_analyzer:_detect_onset_in_buffer:90 - Onset detected at t=193.556s
2026-06-07 08:15:57.264 | DEBUG    | analysis.rhythm_analyzer:_detect_onset_in_buffer:90 - Onset detected at t=193.631s
2026-06-07 08:15:59.900 | DEBUG    | analysis.rhythm_analyzer:_detect_onset_in_buffer:90 - Onset detected at t=194.902s
2026-06-07 08:16:03.845 | DEBUG    | analysis.rhythm_analyzer:_detect_onset_in_buffer:90 - Onset detected at t=196.807s
2026-06-07 08:16:04.535 | DEBUG    | analysis.rhythm_analyzer:_detect_onset_in_buffer:90 - Onset detected at t=197.219s
2026-06-07 08:16:04.747 | DEBUG    | analysis.rhythm_analyzer:_detect_onset_in_buffer:90 - Onset detected at t=197.329s
2026-06-07 08:16:07.269 | DEBUG    | analysis.rhythm_analyzer:_detect_onset_in_buffer:90 - Onset detected at t=198.606s
2026-06-07 08:16:07.469 | DEBUG    | analysis.rhythm_analyzer:_detect_onset_in_buffer:90 - Onset detected at t=198.699s
2026-06-07 08:16:09.877 | DEBUG    | analysis.rhythm_analyzer:_detect_onset_in_buffer:90 - Onset detected at t=199.935s
2026-06-07 08:16:10.069 | DEBUG    | analysis.rhythm_analyzer:_detect_onset_in_buffer:90 - Onset detected at t=200.028s
2026-06-07 08:16:10.690 | DEBUG    | analysis.rhythm_analyzer:_detect_onset_in_buffer:90 - Onset detected at t=200.348s
2026-06-07 08:16:10.878 | DEBUG    | analysis.rhythm_analyzer:_detect_onset_in_buffer:90 - Onset detected at t=200.452s
2026-06-07 08:16:13.009 | DEBUG    | analysis.rhythm_analyzer:_detect_onset_in_buffer:90 - Onset detected at t=201.468s
2026-06-07 08:16:14.758 | DEBUG    | analysis.rhythm_analyzer:_detect_onset_in_buffer:90 - Onset detected at t=202.379s
2026-06-07 08:16:15.268 | DEBUG    | analysis.rhythm_analyzer:_detect_onset_in_buffer:90 - Onset detected at t=202.577s
2026-06-07 08:16:15.556 | DEBUG    | analysis.rhythm_analyzer:_detect_onset_in_buffer:90 - Onset detected at t=202.716s
2026-06-07 08:16:19.664 | DEBUG    | analysis.rhythm_analyzer:_detect_onset_in_buffer:90 - Onset detected at t=204.469s
2026-06-07 08:16:22.360 | DEBUG    | analysis.rhythm_analyzer:_detect_onset_in_buffer:90 - Onset detected at t=205.584s
2026-06-07 08:16:24.709 | DEBUG    | analysis.rhythm_analyzer:_detect_onset_in_buffer:90 - Onset detected at t=206.623s
2026-06-07 08:16:24.961 | DEBUG    | analysis.rhythm_analyzer:_detect_onset_in_buffer:90 - Onset detected at t=206.745s
2026-06-07 08:16:29.254 | DEBUG    | analysis.rhythm_analyzer:_detect_onset_in_buffer:90 - Onset detected at t=207.499s
2026-06-07 08:16:30.628 | DEBUG    | analysis.rhythm_analyzer:_detect_onset_in_buffer:90 - Onset detected at t=209.206s
2026-06-07 08:16:32.372 | DEBUG    | analysis.rhythm_analyzer:_detect_onset_in_buffer:90 - Onset detected at t=209.995s
2026-06-07 08:16:32.602 | DEBUG    | analysis.rhythm_analyzer:_detect_onset_in_buffer:90 - Onset detected at t=210.112s
2026-06-07 08:16:32.996 | DEBUG    | analysis.rhythm_analyzer:_detect_onset_in_buffer:90 - Onset detected at t=210.297s
2026-06-07 08:16:33.675 | DEBUG    | analysis.rhythm_analyzer:_detect_onset_in_buffer:90 - Onset detected at t=210.622s
2026-06-07 08:16:35.086 | DEBUG    | analysis.rhythm_analyzer:_detect_onset_in_buffer:90 - Onset detected at t=211.249s
2026-06-07 08:16:35.877 | DEBUG    | analysis.rhythm_analyzer:_detect_onset_in_buffer:90 - Onset detected at t=211.569s
2026-06-07 08:16:36.625 | DEBUG    | analysis.rhythm_analyzer:_detect_onset_in_buffer:90 - Onset detected at t=211.870s
2026-06-07 08:16:37.888 | DEBUG    | analysis.rhythm_analyzer:_detect_onset_in_buffer:90 - Onset detected at t=212.364s
2026-06-07 08:16:38.621 | DEBUG    | analysis.rhythm_analyzer:_detect_onset_in_buffer:90 - Onset detected at t=212.643s
2026-06-07 08:16:39.064 | DEBUG    | analysis.rhythm_analyzer:_detect_onset_in_buffer:90 - Onset detected at t=212.852s
2026-06-07 08:16:39.277 | DEBUG    | analysis.rhythm_analyzer:_detect_onset_in_buffer:90 - Onset detected at t=212.944s
2026-06-07 08:16:39.652 | DEBUG    | analysis.rhythm_analyzer:_detect_onset_in_buffer:90 - Onset detected at t=213.101s
2026-06-07 08:16:40.008 | DEBUG    | analysis.rhythm_analyzer:_detect_onset_in_buffer:90 - Onset detected at t=213.258s
2026-06-07 08:16:40.359 | DEBUG    | analysis.rhythm_analyzer:_detect_onset_in_buffer:90 - Onset detected at t=213.432s
2026-06-07 08:16:44.043 | DEBUG    | analysis.rhythm_analyzer:_detect_onset_in_buffer:90 - Onset detected at t=214.076s
2026-06-07 08:16:44.402 | DEBUG    | analysis.rhythm_analyzer:_detect_onset_in_buffer:90 - Onset detected at t=215.243s
2026-06-07 08:16:44.608 | DEBUG    | analysis.rhythm_analyzer:_detect_onset_in_buffer:90 - Onset detected at t=215.342s
2026-06-07 08:16:45.414 | DEBUG    | analysis.rhythm_analyzer:_detect_onset_in_buffer:90 - Onset detected at t=215.713s
2026-06-07 08:16:46.514 | DEBUG    | analysis.rhythm_analyzer:_detect_onset_in_buffer:90 - Onset detected at t=216.218s
2026-06-07 08:16:47.075 | DEBUG    | analysis.rhythm_analyzer:_detect_onset_in_buffer:90 - Onset detected at t=216.468s
2026-06-07 08:16:51.469 | DEBUG    | analysis.rhythm_analyzer:_detect_onset_in_buffer:90 - Onset detected at t=218.419s
2026-06-07 08:16:52.834 | DEBUG    | analysis.rhythm_analyzer:_detect_onset_in_buffer:90 - Onset detected at t=219.045s
2026-06-07 08:16:56.175 | DEBUG    | analysis.rhythm_analyzer:_detect_onset_in_buffer:90 - Onset detected at t=220.537s
2026-06-07 08:17:00.681 | DEBUG    | analysis.rhythm_analyzer:_detect_onset_in_buffer:90 - Onset detected at t=221.298s
2026-06-07 08:17:02.365 | DEBUG    | analysis.rhythm_analyzer:_detect_onset_in_buffer:90 - Onset detected at t=222.749s
2026-06-07 08:17:03.275 | DEBUG    | analysis.rhythm_analyzer:_detect_onset_in_buffer:90 - Onset detected at t=223.672s
2026-06-07 08:17:03.394 | DEBUG    | analysis.rhythm_analyzer:_detect_onset_in_buffer:90 - Onset detected at t=223.724s
2026-06-07 08:17:03.733 | DEBUG    | analysis.rhythm_analyzer:_detect_onset_in_buffer:90 - Onset detected at t=223.875s
2026-06-07 08:17:05.392 | DEBUG    | analysis.rhythm_analyzer:_detect_onset_in_buffer:90 - Onset detected at t=224.653s
2026-06-07 08:17:06.165 | DEBUG    | analysis.rhythm_analyzer:_detect_onset_in_buffer:90 - Onset detected at t=225.019s
2026-06-07 08:17:10.388 | DEBUG    | analysis.rhythm_analyzer:_detect_onset_in_buffer:90 - Onset detected at t=225.953s
2026-06-07 08:17:11.267 | DEBUG    | analysis.rhythm_analyzer:_detect_onset_in_buffer:90 - Onset detected at t=227.393s
2026-06-07 08:17:11.737 | DEBUG    | analysis.rhythm_analyzer:_detect_onset_in_buffer:90 - Onset detected at t=227.619s
2026-06-07 08:17:12.012 | DEBUG    | analysis.rhythm_analyzer:_detect_onset_in_buffer:90 - Onset detected at t=227.730s
2026-06-07 08:17:12.846 | DEBUG    | analysis.rhythm_analyzer:_detect_onset_in_buffer:90 - Onset detected at t=228.124s
2026-06-07 08:17:13.076 | DEBUG    | analysis.rhythm_analyzer:_detect_onset_in_buffer:90 - Onset detected at t=228.223s
2026-06-07 08:17:13.920 | DEBUG    | analysis.rhythm_analyzer:_detect_onset_in_buffer:90 - Onset detected at t=228.577s
2026-06-07 08:17:14.516 | DEBUG    | analysis.rhythm_analyzer:_detect_onset_in_buffer:90 - Onset detected at t=228.902s
2026-06-07 08:17:16.142 | DEBUG    | analysis.rhythm_analyzer:_detect_onset_in_buffer:90 - Onset detected at t=229.634s
2026-06-07 08:17:16.447 | DEBUG    | analysis.rhythm_analyzer:_detect_onset_in_buffer:90 - Onset detected at t=229.767s
2026-06-07 08:17:16.532 | DEBUG    | analysis.rhythm_analyzer:_detect_onset_in_buffer:90 - Onset detected at t=229.825s
2026-06-07 08:17:20.797 | DEBUG    | analysis.rhythm_analyzer:_detect_onset_in_buffer:90 - Onset detected at t=231.358s
2026-06-07 08:17:20.855 | DEBUG    | analysis.rhythm_analyzer:_detect_onset_in_buffer:90 - Onset detected at t=231.695s
2026-06-07 08:17:21.779 | DEBUG    | analysis.rhythm_analyzer:_detect_onset_in_buffer:90 - Onset detected at t=232.258s
2026-06-07 08:17:23.483 | DEBUG    | analysis.rhythm_analyzer:_detect_onset_in_buffer:90 - Onset detected at t=232.914s
2026-06-07 08:17:24.909 | DEBUG    | analysis.rhythm_analyzer:_detect_onset_in_buffer:90 - Onset detected at t=233.517s
2026-06-07 08:17:25.120 | DEBUG    | analysis.rhythm_analyzer:_detect_onset_in_buffer:90 - Onset detected at t=233.604s
2026-06-07 08:17:25.502 | DEBUG    | analysis.rhythm_analyzer:_detect_onset_in_buffer:90 - Onset detected at t=233.796s
2026-06-07 08:17:26.352 | DEBUG    | analysis.rhythm_analyzer:_detect_onset_in_buffer:90 - Onset detected at t=234.040s
2026-06-07 08:17:29.426 | DEBUG    | analysis.rhythm_analyzer:_detect_onset_in_buffer:90 - Onset detected at t=235.328s
2026-06-07 08:17:30.196 | DEBUG    | analysis.rhythm_analyzer:_detect_onset_in_buffer:90 - Onset detected at t=235.659s
2026-06-07 08:17:30.515 | DEBUG    | analysis.rhythm_analyzer:_detect_onset_in_buffer:90 - Onset detected at t=235.845s
2026-06-07 08:17:31.024 | DEBUG    | analysis.rhythm_analyzer:_detect_onset_in_buffer:90 - Onset detected at t=236.066s
2026-06-07 08:17:31.222 | DEBUG    | analysis.rhythm_analyzer:_detect_onset_in_buffer:90 - Onset detected at t=236.147s
2026-06-07 08:17:31.810 | DEBUG    | analysis.rhythm_analyzer:_detect_onset_in_buffer:90 - Onset detected at t=236.426s
2026-06-07 08:17:32.553 | DEBUG    | analysis.rhythm_analyzer:_detect_onset_in_buffer:90 - Onset detected at t=236.768s
2026-06-07 08:17:33.117 | DEBUG    | analysis.rhythm_analyzer:_detect_onset_in_buffer:90 - Onset detected at t=237.023s
2026-06-07 08:17:34.382 | DEBUG    | analysis.rhythm_analyzer:_detect_onset_in_buffer:90 - Onset detected at t=237.604s
2026-06-07 08:17:35.911 | DEBUG    | analysis.rhythm_analyzer:_detect_onset_in_buffer:90 - Onset detected at t=238.301s
2026-06-07 08:17:37.421 | DEBUG    | analysis.rhythm_analyzer:_detect_onset_in_buffer:90 - Onset detected at t=238.660s
2026-06-07 08:17:37.579 | DEBUG    | analysis.rhythm_analyzer:_detect_onset_in_buffer:90 - Onset detected at t=239.067s
2026-06-07 08:17:39.027 | DEBUG    | analysis.rhythm_analyzer:_detect_onset_in_buffer:90 - Onset detected at t=239.694s
2026-06-07 08:17:39.222 | DEBUG    | analysis.rhythm_analyzer:_detect_onset_in_buffer:90 - Onset detected at t=239.810s
2026-06-07 08:17:40.410 | DEBUG    | analysis.rhythm_analyzer:_detect_onset_in_buffer:90 - Onset detected at t=240.263s
2026-06-07 08:17:40.804 | DEBUG    | analysis.rhythm_analyzer:_detect_onset_in_buffer:90 - Onset detected at t=240.547s
2026-06-07 08:17:41.134 | DEBUG    | analysis.rhythm_analyzer:_detect_onset_in_buffer:90 - Onset detected at t=240.617s
2026-06-07 08:17:45.282 | DEBUG    | analysis.rhythm_analyzer:_detect_onset_in_buffer:90 - Onset detected at t=242.248s
2026-06-07 08:17:45.983 | DEBUG    | analysis.rhythm_analyzer:_detect_onset_in_buffer:90 - Onset detected at t=242.898s
2026-06-07 08:17:46.453 | DEBUG    | analysis.rhythm_analyzer:_detect_onset_in_buffer:90 - Onset detected at t=243.101s
2026-06-07 08:17:47.423 | DEBUG    | analysis.rhythm_analyzer:_detect_onset_in_buffer:90 - Onset detected at t=243.548s
2026-06-07 08:17:49.553 | DEBUG    | analysis.rhythm_analyzer:_detect_onset_in_buffer:90 - Onset detected at t=244.541s
2026-06-07 08:17:50.701 | DEBUG    | analysis.rhythm_analyzer:_detect_onset_in_buffer:90 - Onset detected at t=245.081s
2026-06-07 08:17:51.088 | DEBUG    | analysis.rhythm_analyzer:_detect_onset_in_buffer:90 - Onset detected at t=245.243s
2026-06-07 08:17:51.371 | DEBUG    | analysis.rhythm_analyzer:_detect_onset_in_buffer:90 - Onset detected at t=245.307s
2026-06-07 08:17:53.208 | DEBUG    | analysis.rhythm_analyzer:_detect_onset_in_buffer:90 - Onset detected at t=246.195s
2026-06-07 08:17:55.576 | DEBUG    | analysis.rhythm_analyzer:_detect_onset_in_buffer:90 - Onset detected at t=247.263s
2026-06-07 08:17:55.830 | DEBUG    | analysis.rhythm_analyzer:_detect_onset_in_buffer:90 - Onset detected at t=247.380s
2026-06-07 08:17:58.573 | DEBUG    | analysis.rhythm_analyzer:_detect_onset_in_buffer:90 - Onset detected at t=248.604s
2026-06-07 08:18:00.377 | DEBUG    | analysis.rhythm_analyzer:_detect_onset_in_buffer:90 - Onset detected at t=249.324s
2026-06-07 08:18:00.878 | DEBUG    | analysis.rhythm_analyzer:_detect_onset_in_buffer:90 - Onset detected at t=249.539s
2026-06-07 08:18:03.771 | DEBUG    | analysis.rhythm_analyzer:_detect_onset_in_buffer:90 - Onset detected at t=250.654s
2026-06-07 08:18:04.766 | DEBUG    | analysis.rhythm_analyzer:_detect_onset_in_buffer:90 - Onset detected at t=251.066s
2026-06-07 08:18:06.567 | DEBUG    | analysis.rhythm_analyzer:_detect_onset_in_buffer:90 - Onset detected at t=251.722s
2026-06-07 08:18:06.684 | DEBUG    | analysis.rhythm_analyzer:_detect_onset_in_buffer:90 - Onset detected at t=251.855s
2026-06-07 08:18:06.866 | DEBUG    | analysis.rhythm_analyzer:_detect_onset_in_buffer:90 - Onset detected at t=251.931s
2026-06-07 08:18:07.204 | DEBUG    | analysis.rhythm_analyzer:_detect_onset_in_buffer:90 - Onset detected at t=252.047s
2026-06-07 08:18:08.759 | DEBUG    | analysis.rhythm_analyzer:_detect_onset_in_buffer:90 - Onset detected at t=252.749s
2026-06-07 08:18:09.483 | DEBUG    | analysis.rhythm_analyzer:_detect_onset_in_buffer:90 - Onset detected at t=253.068s
2026-06-07 08:18:09.934 | DEBUG    | analysis.rhythm_analyzer:_detect_onset_in_buffer:90 - Onset detected at t=253.225s
2026-06-07 08:18:10.161 | DEBUG    | analysis.rhythm_analyzer:_detect_onset_in_buffer:90 - Onset detected at t=253.376s
2026-06-07 08:18:10.800 | DEBUG    | analysis.rhythm_analyzer:_detect_onset_in_buffer:90 - Onset detected at t=253.661s
2026-06-07 08:18:11.033 | DEBUG    | analysis.rhythm_analyzer:_detect_onset_in_buffer:90 - Onset detected at t=253.765s
2026-06-07 08:18:11.582 | DEBUG    | analysis.rhythm_analyzer:_detect_onset_in_buffer:90 - Onset detected at t=254.015s
2026-06-07 08:18:11.739 | DEBUG    | analysis.rhythm_analyzer:_detect_onset_in_buffer:90 - Onset detected at t=254.090s
2026-06-07 08:18:14.707 | DEBUG    | analysis.rhythm_analyzer:_detect_onset_in_buffer:90 - Onset detected at t=255.390s
2026-06-07 08:18:16.745 | DEBUG    | analysis.rhythm_analyzer:_detect_onset_in_buffer:90 - Onset detected at t=256.302s
2026-06-07 08:18:21.659 | DEBUG    | analysis.rhythm_analyzer:_detect_onset_in_buffer:90 - Onset detected at t=257.393s
2026-06-07 08:18:21.997 | DEBUG    | analysis.rhythm_analyzer:_detect_onset_in_buffer:90 - Onset detected at t=258.194s
2026-06-07 08:18:23.842 | DEBUG    | analysis.rhythm_analyzer:_detect_onset_in_buffer:90 - Onset detected at t=259.140s
2026-06-07 08:18:24.210 | DEBUG    | analysis.rhythm_analyzer:_detect_onset_in_buffer:90 - Onset detected at t=259.286s
2026-06-07 08:18:28.992 | DEBUG    | analysis.rhythm_analyzer:_detect_onset_in_buffer:90 - Onset detected at t=261.079s
2026-06-07 08:18:29.366 | ERROR    | analysis.pitch_detector:_detect_pyin:43 - pYIN pitch detection error: CPUDispatcher(<function _viterbi at 0x72c4e297c2c0>) returned a result with an exception set
2026-06-07 08:18:30.456 | DEBUG    | analysis.rhythm_analyzer:_detect_onset_in_buffer:90 - Onset detected at t=261.730s
2026-06-07 08:18:32.713 | DEBUG    | analysis.rhythm_analyzer:_detect_onset_in_buffer:90 - Onset detected at t=262.774s
2026-06-07 08:18:32.945 | DEBUG    | analysis.rhythm_analyzer:_detect_onset_in_buffer:90 - Onset detected at t=262.873s
2026-06-07 08:18:37.816 | DEBUG    | analysis.rhythm_analyzer:_detect_onset_in_buffer:90 - Onset detected at t=263.750s
2026-06-07 08:18:37.942 | DEBUG    | analysis.rhythm_analyzer:_detect_onset_in_buffer:90 - Onset detected at t=264.255s
2026-06-07 08:18:38.251 | DEBUG    | analysis.rhythm_analyzer:_detect_onset_in_buffer:90 - Onset detected at t=264.998s
2026-06-07 08:18:38.312 | DEBUG    | analysis.rhythm_analyzer:_detect_onset_in_buffer:90 - Onset detected at t=265.050s
2026-06-07 08:18:39.677 | DEBUG    | analysis.rhythm_analyzer:_detect_onset_in_buffer:90 - Onset detected at t=265.625s
2026-06-07 08:18:42.258 | DEBUG    | analysis.rhythm_analyzer:_detect_onset_in_buffer:90 - Onset detected at t=266.646s
2026-06-07 08:18:43.313 | DEBUG    | analysis.rhythm_analyzer:_detect_onset_in_buffer:90 - Onset detected at t=266.786s
2026-06-07 08:18:44.016 | DEBUG    | analysis.rhythm_analyzer:_detect_onset_in_buffer:90 - Onset detected at t=267.326s
2026-06-07 08:18:44.366 | DEBUG    | analysis.rhythm_analyzer:_detect_onset_in_buffer:90 - Onset detected at t=267.424s
2026-06-07 08:18:49.409 | DEBUG    | analysis.rhythm_analyzer:_detect_onset_in_buffer:90 - Onset detected at t=268.719s
2026-06-07 08:18:49.533 | DEBUG    | analysis.rhythm_analyzer:_detect_onset_in_buffer:90 - Onset detected at t=269.433s
2026-06-07 08:18:49.917 | DEBUG    | analysis.rhythm_analyzer:_detect_onset_in_buffer:90 - Onset detected at t=269.601s
2026-06-07 08:18:50.462 | DEBUG    | analysis.rhythm_analyzer:_detect_onset_in_buffer:90 - Onset detected at t=269.851s
2026-06-07 08:18:51.128 | DEBUG    | analysis.rhythm_analyzer:_detect_onset_in_buffer:90 - Onset detected at t=270.106s
2026-06-07 08:18:53.423 | DEBUG    | analysis.rhythm_analyzer:_detect_onset_in_buffer:90 - Onset detected at t=270.994s
2026-06-07 08:18:56.334 | DEBUG    | analysis.rhythm_analyzer:_detect_onset_in_buffer:90 - Onset detected at t=271.064s
2026-06-07 08:18:57.297 | DEBUG    | analysis.rhythm_analyzer:_detect_onset_in_buffer:90 - Onset detected at t=272.428s
2026-06-07 08:18:57.593 | DEBUG    | analysis.rhythm_analyzer:_detect_onset_in_buffer:90 - Onset detected at t=272.498s
2026-06-07 08:18:58.547 | DEBUG    | analysis.rhythm_analyzer:_detect_onset_in_buffer:90 - Onset detected at t=272.904s
2026-06-07 08:18:58.892 | DEBUG    | analysis.rhythm_analyzer:_detect_onset_in_buffer:90 - Onset detected at t=273.107s
2026-06-07 08:18:59.612 | DEBUG    | analysis.rhythm_analyzer:_detect_onset_in_buffer:90 - Onset detected at t=273.386s
2026-06-07 08:19:00.363 | DEBUG    | analysis.rhythm_analyzer:_detect_onset_in_buffer:90 - Onset detected at t=273.665s
2026-06-07 08:19:01.268 | DEBUG    | analysis.rhythm_analyzer:_detect_onset_in_buffer:90 - Onset detected at t=274.036s
2026-06-07 08:19:01.444 | DEBUG    | analysis.rhythm_analyzer:_detect_onset_in_buffer:90 - Onset detected at t=274.100s
2026-06-07 08:19:02.422 | DEBUG    | analysis.rhythm_analyzer:_detect_onset_in_buffer:90 - Onset detected at t=274.506s
2026-06-07 08:19:06.030 | DEBUG    | analysis.rhythm_analyzer:_detect_onset_in_buffer:90 - Onset detected at t=275.975s
2026-06-07 08:19:06.495 | DEBUG    | analysis.rhythm_analyzer:_detect_onset_in_buffer:90 - Onset detected at t=276.167s
2026-06-07 08:19:06.679 | DEBUG    | analysis.rhythm_analyzer:_detect_onset_in_buffer:90 - Onset detected at t=276.254s
2026-06-07 08:19:07.856 | DEBUG    | analysis.rhythm_analyzer:_detect_onset_in_buffer:90 - Onset detected at t=276.753s
2026-06-07 08:19:08.844 | DEBUG    | analysis.rhythm_analyzer:_detect_onset_in_buffer:90 - Onset detected at t=277.148s
2026-06-07 08:19:10.529 | DEBUG    | analysis.rhythm_analyzer:_detect_onset_in_buffer:90 - Onset detected at t=277.862s
2026-06-07 08:19:12.693 | DEBUG    | analysis.rhythm_analyzer:_detect_onset_in_buffer:90 - Onset detected at t=278.651s
2026-06-07 08:19:12.901 | DEBUG    | analysis.rhythm_analyzer:_detect_onset_in_buffer:90 - Onset detected at t=278.750s
2026-06-07 08:19:13.582 | DEBUG    | analysis.rhythm_analyzer:_detect_onset_in_buffer:90 - Onset detected at t=279.052s
2026-06-07 08:19:13.862 | DEBUG    | analysis.rhythm_analyzer:_detect_onset_in_buffer:90 - Onset detected at t=279.168s
2026-06-07 08:19:14.537 | DEBUG    | analysis.rhythm_analyzer:_detect_onset_in_buffer:90 - Onset detected at t=279.446s
2026-06-07 08:19:14.914 | DEBUG    | analysis.rhythm_analyzer:_detect_onset_in_buffer:90 - Onset detected at t=279.539s
2026-06-07 08:19:14.978 | DEBUG    | analysis.rhythm_analyzer:_detect_onset_in_buffer:90 - Onset detected at t=279.638s
2026-06-07 08:19:15.372 | DEBUG    | analysis.rhythm_analyzer:_detect_onset_in_buffer:90 - Onset detected at t=279.696s
2026-06-07 08:19:15.819 | DEBUG    | analysis.rhythm_analyzer:_detect_onset_in_buffer:90 - Onset detected at t=279.980s
2026-06-07 08:19:16.144 | DEBUG    | analysis.rhythm_analyzer:_detect_onset_in_buffer:90 - Onset detected at t=280.073s
2026-06-07 08:19:19.512 | DEBUG    | analysis.rhythm_analyzer:_detect_onset_in_buffer:90 - Onset detected at t=281.466s
2026-06-07 08:19:20.488 | DEBUG    | analysis.rhythm_analyzer:_detect_onset_in_buffer:90 - Onset detected at t=281.844s
2026-06-07 08:19:21.092 | DEBUG    | analysis.rhythm_analyzer:_detect_onset_in_buffer:90 - Onset detected at t=282.070s
2026-06-07 08:19:21.224 | DEBUG    | analysis.rhythm_analyzer:_detect_onset_in_buffer:90 - Onset detected at t=282.122s
2026-06-07 08:19:22.800 | DEBUG    | analysis.rhythm_analyzer:_detect_onset_in_buffer:90 - Onset detected at t=282.778s
2026-06-07 08:19:23.126 | DEBUG    | analysis.rhythm_analyzer:_detect_onset_in_buffer:90 - Onset detected at t=282.906s
2026-06-07 08:19:23.586 | DEBUG    | analysis.rhythm_analyzer:_detect_onset_in_buffer:90 - Onset detected at t=283.080s
2026-06-07 08:19:28.286 | DEBUG    | analysis.rhythm_analyzer:_detect_onset_in_buffer:90 - Onset detected at t=283.138s
2026-06-07 08:19:28.452 | DEBUG    | analysis.rhythm_analyzer:_detect_onset_in_buffer:90 - Onset detected at t=285.095s
2026-06-07 08:19:28.619 | DEBUG    | analysis.rhythm_analyzer:_detect_onset_in_buffer:90 - Onset detected at t=285.187s
2026-06-07 08:19:33.492 | DEBUG    | analysis.rhythm_analyzer:_detect_onset_in_buffer:90 - Onset detected at t=286.645s
2026-06-07 08:19:35.508 | DEBUG    | analysis.rhythm_analyzer:_detect_onset_in_buffer:90 - Onset detected at t=287.985s
2026-06-07 08:19:38.867 | DEBUG    | analysis.rhythm_analyzer:_detect_onset_in_buffer:90 - Onset detected at t=289.367s
2026-06-07 08:19:40.378 | DEBUG    | analysis.rhythm_analyzer:_detect_onset_in_buffer:90 - Onset detected at t=289.756s
2026-06-07 08:19:41.377 | DEBUG    | analysis.rhythm_analyzer:_detect_onset_in_buffer:90 - Onset detected at t=290.337s
2026-06-07 08:19:41.560 | DEBUG    | analysis.rhythm_analyzer:_detect_onset_in_buffer:90 - Onset detected at t=290.418s
2026-06-07 08:19:42.158 | DEBUG    | analysis.rhythm_analyzer:_detect_onset_in_buffer:90 - Onset detected at t=290.633s
2026-06-07 08:19:42.348 | DEBUG    | analysis.rhythm_analyzer:_detect_onset_in_buffer:90 - Onset detected at t=290.731s
2026-06-07 08:19:43.159 | DEBUG    | analysis.rhythm_analyzer:_detect_onset_in_buffer:90 - Onset detected at t=290.987s
2026-06-07 08:19:43.550 | DEBUG    | analysis.rhythm_analyzer:_detect_onset_in_buffer:90 - Onset detected at t=291.190s
2026-06-07 08:19:44.523 | DEBUG    | analysis.rhythm_analyzer:_detect_onset_in_buffer:90 - Onset detected at t=291.492s
2026-06-07 08:19:45.668 | DEBUG    | analysis.rhythm_analyzer:_detect_onset_in_buffer:90 - Onset detected at t=292.008s
2026-06-07 08:19:46.159 | DEBUG    | analysis.rhythm_analyzer:_detect_onset_in_buffer:90 - Onset detected at t=292.148s
2026-06-07 08:19:47.851 | DEBUG    | analysis.rhythm_analyzer:_detect_onset_in_buffer:90 - Onset detected at t=292.879s
2026-06-07 08:19:48.108 | DEBUG    | analysis.rhythm_analyzer:_detect_onset_in_buffer:90 - Onset detected at t=292.978s
2026-06-07 08:19:48.655 | DEBUG    | analysis.rhythm_analyzer:_detect_onset_in_buffer:90 - Onset detected at t=293.193s
2026-06-07 08:19:49.411 | DEBUG    | analysis.rhythm_analyzer:_detect_onset_in_buffer:90 - Onset detected at t=293.448s
2026-06-07 08:19:49.952 | DEBUG    | analysis.rhythm_analyzer:_detect_onset_in_buffer:90 - Onset detected at t=293.703s
2026-06-07 08:19:50.535 | DEBUG    | analysis.rhythm_analyzer:_detect_onset_in_buffer:90 - Onset detected at t=293.936s
2026-06-07 08:19:51.819 | DEBUG    | analysis.rhythm_analyzer:_detect_onset_in_buffer:90 - Onset detected at t=294.470s
2026-06-07 08:19:52.514 | DEBUG    | analysis.rhythm_analyzer:_detect_onset_in_buffer:90 - Onset detected at t=294.667s
2026-06-07 08:19:53.529 | DEBUG    | analysis.rhythm_analyzer:_detect_onset_in_buffer:90 - Onset detected at t=295.143s
2026-06-07 08:19:54.233 | DEBUG    | analysis.rhythm_analyzer:_detect_onset_in_buffer:90 - Onset detected at t=295.427s
2026-06-07 08:19:54.461 | DEBUG    | analysis.rhythm_analyzer:_detect_onset_in_buffer:90 - Onset detected at t=295.491s
2026-06-07 08:19:54.542 | DEBUG    | analysis.rhythm_analyzer:_detect_onset_in_buffer:90 - Onset detected at t=295.555s
2026-06-07 08:19:55.394 | DEBUG    | analysis.rhythm_analyzer:_detect_onset_in_buffer:90 - Onset detected at t=295.892s
2026-06-07 08:19:56.261 | DEBUG    | analysis.rhythm_analyzer:_detect_onset_in_buffer:90 - Onset detected at t=296.234s
2026-06-07 08:19:56.617 | DEBUG    | analysis.rhythm_analyzer:_detect_onset_in_buffer:90 - Onset detected at t=296.397s
2026-06-07 08:19:57.264 | DEBUG    | analysis.rhythm_analyzer:_detect_onset_in_buffer:90 - Onset detected at t=296.629s
2026-06-07 08:19:57.710 | DEBUG    | analysis.rhythm_analyzer:_detect_onset_in_buffer:90 - Onset detected at t=296.844s
2026-06-07 08:19:58.403 | DEBUG    | analysis.rhythm_analyzer:_detect_onset_in_buffer:90 - Onset detected at t=297.094s
2026-06-07 08:19:58.622 | DEBUG    | analysis.rhythm_analyzer:_detect_onset_in_buffer:90 - Onset detected at t=297.210s
2026-06-07 08:19:59.040 | DEBUG    | analysis.rhythm_analyzer:_detect_onset_in_buffer:90 - Onset detected at t=297.285s
2026-06-07 08:19:59.296 | DEBUG    | analysis.rhythm_analyzer:_detect_onset_in_buffer:90 - Onset detected at t=297.419s
2026-06-07 08:20:00.389 | DEBUG    | analysis.rhythm_analyzer:_detect_onset_in_buffer:90 - Onset detected at t=297.883s
2026-06-07 08:20:02.619 | DEBUG    | analysis.rhythm_analyzer:_detect_onset_in_buffer:90 - Onset detected at t=298.800s
2026-06-07 08:20:03.243 | DEBUG    | analysis.rhythm_analyzer:_detect_onset_in_buffer:90 - Onset detected at t=299.044s
2026-06-07 08:20:03.511 | DEBUG    | analysis.rhythm_analyzer:_detect_onset_in_buffer:90 - Onset detected at t=299.166s
2026-06-07 08:20:03.840 | DEBUG    | analysis.rhythm_analyzer:_detect_onset_in_buffer:90 - Onset detected at t=299.299s
2026-06-07 08:20:04.609 | DEBUG    | analysis.rhythm_analyzer:_detect_onset_in_buffer:90 - Onset detected at t=299.532s
2026-06-07 08:20:04.834 | DEBUG    | analysis.rhythm_analyzer:_detect_onset_in_buffer:90 - Onset detected at t=299.694s
2026-06-07 08:20:05.165 | DEBUG    | analysis.rhythm_analyzer:_detect_onset_in_buffer:90 - Onset detected at t=299.810s
2026-06-07 08:20:05.737 | DEBUG    | analysis.rhythm_analyzer:_detect_onset_in_buffer:90 - Onset detected at t=300.066s
2026-06-07 08:20:05.990 | DEBUG    | analysis.rhythm_analyzer:_detect_onset_in_buffer:90 - Onset detected at t=300.147s
2026-06-07 08:20:09.916 | DEBUG    | analysis.rhythm_analyzer:_detect_onset_in_buffer:90 - Onset detected at t=301.227s
2026-06-07 08:20:10.614 | DEBUG    | analysis.rhythm_analyzer:_detect_onset_in_buffer:90 - Onset detected at t=302.039s
2026-06-07 08:20:10.925 | DEBUG    | analysis.rhythm_analyzer:_detect_onset_in_buffer:90 - Onset detected at t=302.155s
2026-06-07 08:20:11.560 | DEBUG    | analysis.rhythm_analyzer:_detect_onset_in_buffer:90 - Onset detected at t=302.399s
2026-06-07 08:20:12.030 | DEBUG    | analysis.rhythm_analyzer:_detect_onset_in_buffer:90 - Onset detected at t=302.591s
2026-06-07 08:20:13.743 | DEBUG    | analysis.rhythm_analyzer:_detect_onset_in_buffer:90 - Onset detected at t=303.322s
2026-06-07 08:20:14.902 | DEBUG    | analysis.rhythm_analyzer:_detect_onset_in_buffer:90 - Onset detected at t=303.769s
2026-06-07 08:20:15.291 | DEBUG    | analysis.rhythm_analyzer:_detect_onset_in_buffer:90 - Onset detected at t=303.839s
2026-06-07 08:20:15.681 | DEBUG    | analysis.rhythm_analyzer:_detect_onset_in_buffer:90 - Onset detected at t=304.106s
2026-06-07 08:20:17.605 | DEBUG    | analysis.rhythm_analyzer:_detect_onset_in_buffer:90 - Onset detected at t=304.872s
2026-06-07 08:20:17.895 | DEBUG    | analysis.rhythm_analyzer:_detect_onset_in_buffer:90 - Onset detected at t=304.982s
2026-06-07 08:20:18.578 | DEBUG    | analysis.rhythm_analyzer:_detect_onset_in_buffer:90 - Onset detected at t=305.267s
2026-06-07 08:20:19.424 | DEBUG    | analysis.rhythm_analyzer:_detect_onset_in_buffer:90 - Onset detected at t=305.592s
2026-06-07 08:20:23.351 | DEBUG    | analysis.rhythm_analyzer:_detect_onset_in_buffer:90 - Onset detected at t=307.194s
2026-06-07 08:20:26.397 | DEBUG    | analysis.rhythm_analyzer:_detect_onset_in_buffer:90 - Onset detected at t=308.413s
2026-06-07 08:20:26.525 | DEBUG    | analysis.rhythm_analyzer:_detect_onset_in_buffer:90 - Onset detected at t=308.512s
2026-06-07 08:20:27.485 | DEBUG    | analysis.rhythm_analyzer:_detect_onset_in_buffer:90 - Onset detected at t=308.854s
2026-06-07 08:20:27.526 | DEBUG    | analysis.rhythm_analyzer:_detect_onset_in_buffer:90 - Onset detected at t=308.912s
2026-06-07 08:20:29.653 | DEBUG    | analysis.rhythm_analyzer:_detect_onset_in_buffer:90 - Onset detected at t=309.795s
2026-06-07 08:20:29.829 | DEBUG    | analysis.rhythm_analyzer:_detect_onset_in_buffer:90 - Onset detected at t=309.859s
2026-06-07 08:20:34.662 | DEBUG    | analysis.rhythm_analyzer:_detect_onset_in_buffer:90 - Onset detected at t=310.782s
2026-06-07 08:20:34.972 | DEBUG    | analysis.rhythm_analyzer:_detect_onset_in_buffer:90 - Onset detected at t=311.931s
2026-06-07 08:20:35.581 | DEBUG    | analysis.rhythm_analyzer:_detect_onset_in_buffer:90 - Onset detected at t=312.186s
2026-06-07 08:20:35.689 | DEBUG    | analysis.rhythm_analyzer:_detect_onset_in_buffer:90 - Onset detected at t=312.239s
2026-06-07 08:20:38.595 | DEBUG    | analysis.rhythm_analyzer:_detect_onset_in_buffer:90 - Onset detected at t=313.406s
2026-06-07 08:20:39.079 | DEBUG    | analysis.rhythm_analyzer:_detect_onset_in_buffer:90 - Onset detected at t=313.533s
2026-06-07 08:20:39.768 | DEBUG    | analysis.rhythm_analyzer:_detect_onset_in_buffer:90 - Onset detected at t=313.882s
2026-06-07 08:20:44.687 | DEBUG    | analysis.rhythm_analyzer:_detect_onset_in_buffer:90 - Onset detected at t=314.700s
2026-06-07 08:20:46.195 | DEBUG    | analysis.rhythm_analyzer:_detect_onset_in_buffer:90 - Onset detected at t=316.436s
2026-06-07 08:20:46.710 | DEBUG    | analysis.rhythm_analyzer:_detect_onset_in_buffer:90 - Onset detected at t=316.662s
2026-06-07 08:20:51.646 | DEBUG    | analysis.rhythm_analyzer:_detect_onset_in_buffer:90 - Onset detected at t=318.433s
2026-06-07 08:20:53.593 | DEBUG    | analysis.rhythm_analyzer:_detect_onset_in_buffer:90 - Onset detected at t=319.408s
2026-06-07 08:20:53.764 | DEBUG    | analysis.rhythm_analyzer:_detect_onset_in_buffer:90 - Onset detected at t=319.466s
2026-06-07 08:20:54.546 | DEBUG    | analysis.rhythm_analyzer:_detect_onset_in_buffer:90 - Onset detected at t=319.785s
2026-06-07 08:20:57.816 | DEBUG    | analysis.rhythm_analyzer:_detect_onset_in_buffer:90 - Onset detected at t=321.115s
2026-06-07 08:20:58.550 | DEBUG    | analysis.rhythm_analyzer:_detect_onset_in_buffer:90 - Onset detected at t=321.428s
2026-06-07 08:20:59.081 | DEBUG    | analysis.rhythm_analyzer:_detect_onset_in_buffer:90 - Onset detected at t=321.637s
2026-06-07 08:20:59.708 | DEBUG    | analysis.rhythm_analyzer:_detect_onset_in_buffer:90 - Onset detected at t=321.892s
2026-06-07 08:21:00.022 | DEBUG    | analysis.rhythm_analyzer:_detect_onset_in_buffer:90 - Onset detected at t=322.014s
2026-06-07 08:21:00.565 | DEBUG    | analysis.rhythm_analyzer:_detect_onset_in_buffer:90 - Onset detected at t=322.218s
2026-06-07 08:21:01.345 | DEBUG    | analysis.rhythm_analyzer:_detect_onset_in_buffer:90 - Onset detected at t=322.496s
2026-06-07 08:21:02.500 | DEBUG    | analysis.rhythm_analyzer:_detect_onset_in_buffer:90 - Onset detected at t=323.030s
2026-06-07 08:21:03.604 | DEBUG    | analysis.rhythm_analyzer:_detect_onset_in_buffer:90 - Onset detected at t=323.500s
2026-06-07 08:21:04.720 | DEBUG    | analysis.rhythm_analyzer:_detect_onset_in_buffer:90 - Onset detected at t=323.924s
2026-06-07 08:21:05.512 | DEBUG    | analysis.rhythm_analyzer:_detect_onset_in_buffer:90 - Onset detected at t=324.238s
2026-06-07 08:21:07.678 | DEBUG    | analysis.rhythm_analyzer:_detect_onset_in_buffer:90 - Onset detected at t=325.079s
2026-06-07 08:21:11.610 | DEBUG    | analysis.rhythm_analyzer:_detect_onset_in_buffer:90 - Onset detected at t=326.716s
2026-06-07 08:21:13.417 | DEBUG    | analysis.rhythm_analyzer:_detect_onset_in_buffer:90 - Onset detected at t=327.436s
2026-06-07 08:21:13.747 | DEBUG    | analysis.rhythm_analyzer:_detect_onset_in_buffer:90 - Onset detected at t=327.610s
2026-06-07 08:21:14.784 | DEBUG    | analysis.rhythm_analyzer:_detect_onset_in_buffer:90 - Onset detected at t=327.999s
2026-06-07 08:21:15.747 | DEBUG    | analysis.rhythm_analyzer:_detect_onset_in_buffer:90 - Onset detected at t=328.411s
2026-06-07 08:21:17.090 | DEBUG    | analysis.rhythm_analyzer:_detect_onset_in_buffer:90 - Onset detected at t=328.951s
2026-06-07 08:21:17.962 | DEBUG    | analysis.rhythm_analyzer:_detect_onset_in_buffer:90 - Onset detected at t=329.300s
2026-06-07 08:21:19.534 | DEBUG    | analysis.rhythm_analyzer:_detect_onset_in_buffer:90 - Onset detected at t=329.921s
2026-06-07 08:21:19.694 | DEBUG    | analysis.rhythm_analyzer:_detect_onset_in_buffer:90 - Onset detected at t=329.996s
2026-06-07 08:21:19.897 | DEBUG    | analysis.rhythm_analyzer:_detect_onset_in_buffer:90 - Onset detected at t=330.060s
2026-06-07 08:21:21.072 | DEBUG    | analysis.rhythm_analyzer:_detect_onset_in_buffer:90 - Onset detected at t=330.524s
2026-06-07 08:21:21.829 | DEBUG    | analysis.rhythm_analyzer:_detect_onset_in_buffer:90 - Onset detected at t=330.855s
2026-06-07 08:21:22.939 | DEBUG    | analysis.rhythm_analyzer:_detect_onset_in_buffer:90 - Onset detected at t=331.262s
2026-06-07 08:21:23.335 | DEBUG    | analysis.rhythm_analyzer:_detect_onset_in_buffer:90 - Onset detected at t=331.407s
2026-06-07 08:21:24.063 | DEBUG    | analysis.rhythm_analyzer:_detect_onset_in_buffer:90 - Onset detected at t=331.738s
2026-06-07 08:21:25.866 | DEBUG    | analysis.rhythm_analyzer:_detect_onset_in_buffer:90 - Onset detected at t=332.463s
2026-06-07 08:21:27.228 | DEBUG    | analysis.rhythm_analyzer:_detect_onset_in_buffer:90 - Onset detected at t=332.957s
2026-06-07 08:21:27.755 | DEBUG    | analysis.rhythm_analyzer:_detect_onset_in_buffer:90 - Onset detected at t=333.241s
2026-06-07 08:21:27.982 | DEBUG    | analysis.rhythm_analyzer:_detect_onset_in_buffer:90 - Onset detected at t=333.317s
2026-06-07 08:21:28.182 | DEBUG    | analysis.rhythm_analyzer:_detect_onset_in_buffer:90 - Onset detected at t=333.380s
2026-06-07 08:21:30.259 | DEBUG    | analysis.rhythm_analyzer:_detect_onset_in_buffer:90 - Onset detected at t=334.222s
2026-06-07 08:21:31.076 | DEBUG    | analysis.rhythm_analyzer:_detect_onset_in_buffer:90 - Onset detected at t=334.565s
2026-06-07 08:21:32.506 | DEBUG    | analysis.rhythm_analyzer:_detect_onset_in_buffer:90 - Onset detected at t=335.151s
2026-06-07 08:21:33.765 | DEBUG    | analysis.rhythm_analyzer:_detect_onset_in_buffer:90 - Onset detected at t=335.639s
2026-06-07 08:21:34.768 | DEBUG    | analysis.rhythm_analyzer:_detect_onset_in_buffer:90 - Onset detected at t=336.057s
2026-06-07 08:21:37.343 | DEBUG    | analysis.rhythm_analyzer:_detect_onset_in_buffer:90 - Onset detected at t=336.846s
2026-06-07 08:21:37.582 | DEBUG    | analysis.rhythm_analyzer:_detect_onset_in_buffer:90 - Onset detected at t=337.218s
2026-06-07 08:21:37.814 | DEBUG    | analysis.rhythm_analyzer:_detect_onset_in_buffer:90 - Onset detected at t=337.310s
2026-06-07 08:21:38.582 | DEBUG    | analysis.rhythm_analyzer:_detect_onset_in_buffer:90 - Onset detected at t=337.612s
2026-06-07 08:21:39.549 | DEBUG    | analysis.rhythm_analyzer:_detect_onset_in_buffer:90 - Onset detected at t=337.978s
2026-06-07 08:21:39.650 | DEBUG    | analysis.rhythm_analyzer:_detect_onset_in_buffer:90 - Onset detected at t=338.030s
2026-06-07 08:21:40.029 | DEBUG    | analysis.rhythm_analyzer:_detect_onset_in_buffer:90 - Onset detected at t=338.175s
2026-06-07 08:21:40.721 | DEBUG    | analysis.rhythm_analyzer:_detect_onset_in_buffer:90 - Onset detected at t=338.454s
2026-06-07 08:21:40.904 | DEBUG    | analysis.rhythm_analyzer:_detect_onset_in_buffer:90 - Onset detected at t=338.535s
2026-06-07 08:21:45.658 | DEBUG    | analysis.rhythm_analyzer:_detect_onset_in_buffer:90 - Onset detected at t=340.422s
2026-06-07 08:21:45.961 | DEBUG    | analysis.rhythm_analyzer:_detect_onset_in_buffer:90 - Onset detected at t=340.608s
2026-06-07 08:21:46.273 | DEBUG    | analysis.rhythm_analyzer:_detect_onset_in_buffer:90 - Onset detected at t=340.724s
2026-06-07 08:21:46.707 | DEBUG    | analysis.rhythm_analyzer:_detect_onset_in_buffer:90 - Onset detected at t=340.904s
2026-06-07 08:21:47.222 | DEBUG    | analysis.rhythm_analyzer:_detect_onset_in_buffer:90 - Onset detected at t=341.119s
2026-06-07 08:21:48.268 | DEBUG    | analysis.rhythm_analyzer:_detect_onset_in_buffer:90 - Onset detected at t=341.490s
2026-06-07 08:21:52.318 | DEBUG    | analysis.rhythm_analyzer:_detect_onset_in_buffer:90 - Onset detected at t=342.953s
2026-06-07 08:21:53.713 | DEBUG    | analysis.rhythm_analyzer:_detect_onset_in_buffer:90 - Onset detected at t=343.632s
2026-06-07 08:21:54.386 | DEBUG    | analysis.rhythm_analyzer:_detect_onset_in_buffer:90 - Onset detected at t=343.928s
2026-06-07 08:21:54.574 | DEBUG    | analysis.rhythm_analyzer:_detect_onset_in_buffer:90 - Onset detected at t=344.015s
2026-06-07 08:21:55.237 | DEBUG    | analysis.rhythm_analyzer:_detect_onset_in_buffer:90 - Onset detected at t=344.236s
2026-06-07 08:21:56.528 | DEBUG    | analysis.rhythm_analyzer:_detect_onset_in_buffer:90 - Onset detected at t=344.781s
2026-06-07 08:21:56.676 | DEBUG    | analysis.rhythm_analyzer:_detect_onset_in_buffer:90 - Onset detected at t=344.851s
2026-06-07 08:21:57.164 | DEBUG    | analysis.rhythm_analyzer:_detect_onset_in_buffer:90 - Onset detected at t=344.927s
2026-06-07 08:21:57.964 | DEBUG    | analysis.rhythm_analyzer:_detect_onset_in_buffer:90 - Onset detected at t=345.333s
2026-06-07 08:21:58.822 | DEBUG    | analysis.rhythm_analyzer:_detect_onset_in_buffer:90 - Onset detected at t=345.693s
2026-06-07 08:21:59.511 | DEBUG    | analysis.rhythm_analyzer:_detect_onset_in_buffer:90 - Onset detected at t=345.948s
2026-06-07 08:22:00.663 | DEBUG    | analysis.rhythm_analyzer:_detect_onset_in_buffer:90 - Onset detected at t=346.343s
2026-06-07 08:22:01.130 | DEBUG    | analysis.rhythm_analyzer:_detect_onset_in_buffer:90 - Onset detected at t=346.506s
2026-06-07 08:22:01.432 | DEBUG    | analysis.rhythm_analyzer:_detect_onset_in_buffer:90 - Onset detected at t=346.598s
2026-06-07 08:22:05.685 | DEBUG    | analysis.rhythm_analyzer:_detect_onset_in_buffer:90 - Onset detected at t=348.201s
2026-06-07 08:22:05.799 | DEBUG    | analysis.rhythm_analyzer:_detect_onset_in_buffer:90 - Onset detected at t=348.311s
2026-06-07 08:22:06.251 | DEBUG    | analysis.rhythm_analyzer:_detect_onset_in_buffer:90 - Onset detected at t=348.473s
2026-06-07 08:22:09.915 | DEBUG    | analysis.rhythm_analyzer:_detect_onset_in_buffer:90 - Onset detected at t=349.989s
2026-06-07 08:22:10.957 | DEBUG    | analysis.rhythm_analyzer:_detect_onset_in_buffer:90 - Onset detected at t=350.407s
2026-06-07 08:22:14.895 | DEBUG    | analysis.rhythm_analyzer:_detect_onset_in_buffer:90 - Onset detected at t=351.631s
2026-06-07 08:22:15.647 | DEBUG    | analysis.rhythm_analyzer:_detect_onset_in_buffer:90 - Onset detected at t=352.293s
2026-06-07 08:22:15.884 | DEBUG    | analysis.rhythm_analyzer:_detect_onset_in_buffer:90 - Onset detected at t=352.374s
2026-06-07 08:22:20.658 | DEBUG    | analysis.rhythm_analyzer:_detect_onset_in_buffer:90 - Onset detected at t=354.296s
2026-06-07 08:22:24.073 | DEBUG    | analysis.rhythm_analyzer:_detect_onset_in_buffer:90 - Onset detected at t=355.718s
2026-06-07 08:22:28.906 | DEBUG    | analysis.rhythm_analyzer:_detect_onset_in_buffer:90 - Onset detected at t=357.373s
2026-06-07 08:22:29.106 | DEBUG    | analysis.rhythm_analyzer:_detect_onset_in_buffer:90 - Onset detected at t=357.790s
2026-06-07 08:22:29.876 | DEBUG    | analysis.rhythm_analyzer:_detect_onset_in_buffer:90 - Onset detected at t=358.104s
2026-06-07 08:22:30.139 | DEBUG    | analysis.rhythm_analyzer:_detect_onset_in_buffer:90 - Onset detected at t=358.208s
2026-06-07 08:22:30.263 | DEBUG    | analysis.rhythm_analyzer:_detect_onset_in_buffer:90 - Onset detected at t=358.261s
2026-06-07 08:22:32.570 | DEBUG    | analysis.rhythm_analyzer:_detect_onset_in_buffer:90 - Onset detected at t=359.149s
2026-06-07 08:22:32.670 | DEBUG    | analysis.rhythm_analyzer:_detect_onset_in_buffer:90 - Onset detected at t=359.271s
2026-06-07 08:22:36.038 | DEBUG    | analysis.rhythm_analyzer:_detect_onset_in_buffer:90 - Onset detected at t=360.618s
2026-06-07 08:22:37.173 | DEBUG    | analysis.rhythm_analyzer:_detect_onset_in_buffer:90 - Onset detected at t=361.059s
2026-06-07 08:22:40.764 | DEBUG    | analysis.rhythm_analyzer:_detect_onset_in_buffer:90 - Onset detected at t=362.423s
2026-06-07 08:22:42.513 | DEBUG    | analysis.rhythm_analyzer:_detect_onset_in_buffer:90 - Onset detected at t=363.294s
2026-06-07 08:22:42.775 | DEBUG    | analysis.rhythm_analyzer:_detect_onset_in_buffer:90 - Onset detected at t=363.410s
2026-06-07 08:22:43.539 | DEBUG    | analysis.rhythm_analyzer:_detect_onset_in_buffer:90 - Onset detected at t=363.712s
2026-06-07 08:22:44.404 | DEBUG    | analysis.rhythm_analyzer:_detect_onset_in_buffer:90 - Onset detected at t=364.042s
2026-06-07 08:22:44.971 | DEBUG    | analysis.rhythm_analyzer:_detect_onset_in_buffer:90 - Onset detected at t=364.240s
2026-06-07 08:22:46.157 | DEBUG    | analysis.rhythm_analyzer:_detect_onset_in_buffer:90 - Onset detected at t=364.733s
2026-06-07 08:22:46.573 | DEBUG    | analysis.rhythm_analyzer:_detect_onset_in_buffer:90 - Onset detected at t=364.931s
2026-06-07 08:22:47.002 | DEBUG    | analysis.rhythm_analyzer:_detect_onset_in_buffer:90 - Onset detected at t=365.105s
2026-06-07 08:22:48.024 | DEBUG    | analysis.rhythm_analyzer:_detect_onset_in_buffer:90 - Onset detected at t=365.488s
2026-06-07 08:22:48.446 | DEBUG    | analysis.rhythm_analyzer:_detect_onset_in_buffer:90 - Onset detected at t=365.587s
2026-06-07 08:22:49.488 | DEBUG    | analysis.rhythm_analyzer:_detect_onset_in_buffer:90 - Onset detected at t=366.080s
2026-06-07 08:22:50.409 | DEBUG    | analysis.rhythm_analyzer:_detect_onset_in_buffer:90 - Onset detected at t=366.422s
2026-06-07 08:22:55.301 | DEBUG    | analysis.rhythm_analyzer:_detect_onset_in_buffer:90 - Onset detected at t=367.636s
2026-06-07 08:22:58.179 | DEBUG    | analysis.rhythm_analyzer:_detect_onset_in_buffer:90 - Onset detected at t=369.377s
2026-06-07 08:22:58.301 | DEBUG    | analysis.rhythm_analyzer:_detect_onset_in_buffer:90 - Onset detected at t=369.633s
2026-06-07 08:22:58.727 | DEBUG    | analysis.rhythm_analyzer:_detect_onset_in_buffer:90 - Onset detected at t=369.842s
2026-06-07 08:23:03.234 | DEBUG    | analysis.rhythm_analyzer:_detect_onset_in_buffer:90 - Onset detected at t=371.653s
2026-06-07 08:23:04.803 | DEBUG    | analysis.rhythm_analyzer:_detect_onset_in_buffer:90 - Onset detected at t=372.349s
2026-06-07 08:23:05.519 | DEBUG    | analysis.rhythm_analyzer:_detect_onset_in_buffer:90 - Onset detected at t=372.634s
2026-06-07 08:23:09.595 | DEBUG    | analysis.rhythm_analyzer:_detect_onset_in_buffer:90 - Onset detected at t=373.307s
2026-06-07 08:23:09.701 | DEBUG    | analysis.rhythm_analyzer:_detect_onset_in_buffer:90 - Onset detected at t=374.346s
2026-06-07 08:23:11.599 | DEBUG    | analysis.rhythm_analyzer:_detect_onset_in_buffer:90 - Onset detected at t=375.055s
2026-06-07 08:23:12.167 | DEBUG    | analysis.rhythm_analyzer:_detect_onset_in_buffer:90 - Onset detected at t=375.287s
2026-06-07 08:23:12.236 | DEBUG    | analysis.rhythm_analyzer:_detect_onset_in_buffer:90 - Onset detected at t=375.345s
2026-06-07 08:23:13.081 | DEBUG    | analysis.rhythm_analyzer:_detect_onset_in_buffer:90 - Onset detected at t=375.676s
2026-06-07 08:23:13.909 | DEBUG    | analysis.rhythm_analyzer:_detect_onset_in_buffer:90 - Onset detected at t=375.995s
2026-06-07 08:23:14.761 | DEBUG    | analysis.rhythm_analyzer:_detect_onset_in_buffer:90 - Onset detected at t=376.320s
2026-06-07 08:23:18.428 | DEBUG    | analysis.rhythm_analyzer:_detect_onset_in_buffer:90 - Onset detected at t=376.738s
2026-06-07 08:23:19.100 | DEBUG    | analysis.rhythm_analyzer:_detect_onset_in_buffer:90 - Onset detected at t=377.783s
2026-06-07 08:23:20.129 | DEBUG    | analysis.rhythm_analyzer:_detect_onset_in_buffer:90 - Onset detected at t=378.375s
2026-06-07 08:23:21.304 | DEBUG    | analysis.rhythm_analyzer:_detect_onset_in_buffer:90 - Onset detected at t=378.805s
2026-06-07 08:23:22.431 | DEBUG    | analysis.rhythm_analyzer:_detect_onset_in_buffer:90 - Onset detected at t=379.281s
2026-06-07 08:23:23.192 | DEBUG    | analysis.rhythm_analyzer:_detect_onset_in_buffer:90 - Onset detected at t=379.594s
2026-06-07 08:23:23.465 | DEBUG    | analysis.rhythm_analyzer:_detect_onset_in_buffer:90 - Onset detected at t=379.681s
2026-06-07 08:23:24.061 | DEBUG    | analysis.rhythm_analyzer:_detect_onset_in_buffer:90 - Onset detected at t=379.925s
2026-06-07 08:23:24.501 | DEBUG    | analysis.rhythm_analyzer:_detect_onset_in_buffer:90 - Onset detected at t=380.076s
2026-06-07 08:23:25.913 | DEBUG    | analysis.rhythm_analyzer:_detect_onset_in_buffer:90 - Onset detected at t=380.639s
2026-06-07 08:23:26.237 | DEBUG    | analysis.rhythm_analyzer:_detect_onset_in_buffer:90 - Onset detected at t=380.755s
2026-06-07 08:23:26.409 | DEBUG    | analysis.rhythm_analyzer:_detect_onset_in_buffer:90 - Onset detected at t=380.825s
2026-06-07 08:23:27.428 | DEBUG    | analysis.rhythm_analyzer:_detect_onset_in_buffer:90 - Onset detected at t=381.243s
2026-06-07 08:23:27.596 | DEBUG    | analysis.rhythm_analyzer:_detect_onset_in_buffer:90 - Onset detected at t=381.306s
2026-06-07 08:23:27.954 | DEBUG    | analysis.rhythm_analyzer:_detect_onset_in_buffer:90 - Onset detected at t=381.463s
2026-06-07 08:23:28.482 | DEBUG    | analysis.rhythm_analyzer:_detect_onset_in_buffer:90 - Onset detected at t=381.678s
2026-06-07 08:23:29.655 | DEBUG    | analysis.rhythm_analyzer:_detect_onset_in_buffer:90 - Onset detected at t=382.142s
2026-06-07 08:23:29.849 | DEBUG    | analysis.rhythm_analyzer:_detect_onset_in_buffer:90 - Onset detected at t=382.212s
2026-06-07 08:23:31.813 | DEBUG    | analysis.rhythm_analyzer:_detect_onset_in_buffer:90 - Onset detected at t=382.978s
2026-06-07 08:23:32.800 | DEBUG    | analysis.rhythm_analyzer:_detect_onset_in_buffer:90 - Onset detected at t=383.373s
2026-06-07 08:23:33.269 | DEBUG    | analysis.rhythm_analyzer:_detect_onset_in_buffer:90 - Onset detected at t=383.518s
2026-06-07 08:23:33.721 | DEBUG    | analysis.rhythm_analyzer:_detect_onset_in_buffer:90 - Onset detected at t=383.721s
2026-06-07 08:23:34.849 | DEBUG    | analysis.rhythm_analyzer:_detect_onset_in_buffer:90 - Onset detected at t=384.215s
2026-06-07 08:23:35.615 | DEBUG    | analysis.rhythm_analyzer:_detect_onset_in_buffer:90 - Onset detected at t=384.540s
2026-06-07 08:23:40.523 | DEBUG    | analysis.rhythm_analyzer:_detect_onset_in_buffer:90 - Onset detected at t=385.184s
2026-06-07 08:23:40.564 | DEBUG    | analysis.rhythm_analyzer:_detect_onset_in_buffer:90 - Onset detected at t=385.283s
2026-06-07 08:23:41.894 | DEBUG    | analysis.rhythm_analyzer:_detect_onset_in_buffer:90 - Onset detected at t=387.048s
2026-06-07 08:23:43.933 | DEBUG    | analysis.rhythm_analyzer:_detect_onset_in_buffer:90 - Onset detected at t=387.884s
2026-06-07 08:23:44.927 | DEBUG    | analysis.rhythm_analyzer:_detect_onset_in_buffer:90 - Onset detected at t=388.278s
2026-06-07 08:23:45.253 | DEBUG    | analysis.rhythm_analyzer:_detect_onset_in_buffer:90 - Onset detected at t=388.394s
2026-06-07 08:23:45.716 | DEBUG    | analysis.rhythm_analyzer:_detect_onset_in_buffer:90 - Onset detected at t=388.598s
2026-06-07 08:23:46.325 | DEBUG    | analysis.rhythm_analyzer:_detect_onset_in_buffer:90 - Onset detected at t=388.801s
2026-06-07 08:23:46.995 | DEBUG    | analysis.rhythm_analyzer:_detect_onset_in_buffer:90 - Onset detected at t=389.056s
2026-06-07 08:23:47.358 | DEBUG    | analysis.rhythm_analyzer:_detect_onset_in_buffer:90 - Onset detected at t=389.195s
2026-06-07 08:23:47.865 | DEBUG    | analysis.rhythm_analyzer:_detect_onset_in_buffer:90 - Onset detected at t=389.439s
2026-06-07 08:23:49.811 | DEBUG    | analysis.rhythm_analyzer:_detect_onset_in_buffer:90 - Onset detected at t=390.229s
2026-06-07 08:23:50.526 | DEBUG    | analysis.rhythm_analyzer:_detect_onset_in_buffer:90 - Onset detected at t=390.513s
2026-06-07 08:23:52.274 | DEBUG    | analysis.rhythm_analyzer:_detect_onset_in_buffer:90 - Onset detected at t=391.175s
2026-06-07 08:23:53.939 | DEBUG    | analysis.rhythm_analyzer:_detect_onset_in_buffer:90 - Onset detected at t=391.877s
2026-06-07 08:23:54.446 | DEBUG    | analysis.rhythm_analyzer:_detect_onset_in_buffer:90 - Onset detected at t=392.069s
2026-06-07 08:23:55.469 | DEBUG    | analysis.rhythm_analyzer:_detect_onset_in_buffer:90 - Onset detected at t=392.411s
2026-06-07 08:23:56.117 | DEBUG    | analysis.rhythm_analyzer:_detect_onset_in_buffer:90 - Onset detected at t=392.638s
2026-06-07 08:23:56.466 | DEBUG    | analysis.rhythm_analyzer:_detect_onset_in_buffer:90 - Onset detected at t=392.858s
2026-06-07 08:23:56.926 | DEBUG    | analysis.rhythm_analyzer:_detect_onset_in_buffer:90 - Onset detected at t=393.033s
2026-06-07 08:23:57.236 | DEBUG    | analysis.rhythm_analyzer:_detect_onset_in_buffer:90 - Onset detected at t=393.154s
2026-06-07 08:23:58.187 | DEBUG    | analysis.rhythm_analyzer:_detect_onset_in_buffer:90 - Onset detected at t=393.549s
2026-06-07 08:23:58.560 | DEBUG    | analysis.rhythm_analyzer:_detect_onset_in_buffer:90 - Onset detected at t=393.625s
2026-06-07 08:24:01.686 | DEBUG    | analysis.rhythm_analyzer:_detect_onset_in_buffer:90 - Onset detected at t=394.757s
2026-06-07 08:24:04.033 | DEBUG    | analysis.rhythm_analyzer:_detect_onset_in_buffer:90 - Onset detected at t=395.453s
2026-06-07 08:24:04.730 | DEBUG    | analysis.rhythm_analyzer:_detect_onset_in_buffer:90 - Onset detected at t=395.848s
2026-06-07 08:24:05.831 | DEBUG    | analysis.rhythm_analyzer:_detect_onset_in_buffer:90 - Onset detected at t=396.243s
2026-06-07 08:24:06.020 | DEBUG    | analysis.rhythm_analyzer:_detect_onset_in_buffer:90 - Onset detected at t=396.330s
2026-06-07 08:24:07.155 | DEBUG    | analysis.rhythm_analyzer:_detect_onset_in_buffer:90 - Onset detected at t=396.730s
2026-06-07 08:24:08.674 | DEBUG    | analysis.rhythm_analyzer:_detect_onset_in_buffer:90 - Onset detected at t=397.305s
2026-06-07 08:24:10.251 | DEBUG    | analysis.rhythm_analyzer:_detect_onset_in_buffer:90 - Onset detected at t=397.845s
2026-06-07 08:24:12.263 | DEBUG    | analysis.rhythm_analyzer:_detect_onset_in_buffer:90 - Onset detected at t=398.936s
2026-06-07 08:24:13.200 | DEBUG    | analysis.rhythm_analyzer:_detect_onset_in_buffer:90 - Onset detected at t=399.447s
2026-06-07 08:24:15.122 | DEBUG    | analysis.rhythm_analyzer:_detect_onset_in_buffer:90 - Onset detected at t=400.562s
2026-06-07 08:24:15.659 | DEBUG    | analysis.rhythm_analyzer:_detect_onset_in_buffer:90 - Onset detected at t=400.811s
2026-06-07 08:24:15.823 | DEBUG    | analysis.rhythm_analyzer:_detect_onset_in_buffer:90 - Onset detected at t=400.904s
2026-06-07 08:24:16.193 | DEBUG    | analysis.rhythm_analyzer:_detect_onset_in_buffer:90 - Onset detected at t=401.154s
2026-06-07 08:24:17.885 | DEBUG    | analysis.rhythm_analyzer:_detect_onset_in_buffer:90 - Onset detected at t=402.112s
2026-06-07 08:24:18.544 | DEBUG    | analysis.rhythm_analyzer:_detect_onset_in_buffer:90 - Onset detected at t=402.483s
2026-06-07 08:24:20.676 | DEBUG    | analysis.rhythm_analyzer:_detect_onset_in_buffer:90 - Onset detected at t=403.691s
2026-06-07 08:24:21.990 | DEBUG    | analysis.rhythm_analyzer:_detect_onset_in_buffer:90 - Onset detected at t=403.754s
2026-06-07 08:24:22.688 | DEBUG    | analysis.rhythm_analyzer:_detect_onset_in_buffer:90 - Onset detected at t=404.828s
2026-06-07 08:24:22.770 | DEBUG    | analysis.rhythm_analyzer:_detect_onset_in_buffer:90 - Onset detected at t=404.881s
2026-06-07 08:24:23.016 | DEBUG    | analysis.rhythm_analyzer:_detect_onset_in_buffer:90 - Onset detected at t=405.020s
2026-06-07 08:24:23.225 | DEBUG    | analysis.rhythm_analyzer:_detect_onset_in_buffer:90 - Onset detected at t=405.124s
2026-06-07 08:24:24.754 | DEBUG    | analysis.rhythm_analyzer:_detect_onset_in_buffer:90 - Onset detected at t=405.995s
2026-06-07 08:24:25.331 | DEBUG    | analysis.rhythm_analyzer:_detect_onset_in_buffer:90 - Onset detected at t=406.320s
2026-06-07 08:24:25.740 | DEBUG    | analysis.rhythm_analyzer:_detect_onset_in_buffer:90 - Onset detected at t=406.558s
2026-06-07 08:24:26.565 | DEBUG    | analysis.rhythm_analyzer:_detect_onset_in_buffer:90 - Onset detected at t=407.017s
2026-06-07 08:24:28.332 | DEBUG    | analysis.rhythm_analyzer:_detect_onset_in_buffer:90 - Onset detected at t=408.021s
2026-06-07 08:24:28.781 | DEBUG    | analysis.rhythm_analyzer:_detect_onset_in_buffer:90 - Onset detected at t=408.276s
2026-06-07 08:24:29.605 | DEBUG    | analysis.rhythm_analyzer:_detect_onset_in_buffer:90 - Onset detected at t=408.631s
2026-06-07 08:24:30.540 | DEBUG    | analysis.rhythm_analyzer:_detect_onset_in_buffer:90 - Onset detected at t=408.915s
2026-06-07 08:24:32.156 | DEBUG    | analysis.rhythm_analyzer:_detect_onset_in_buffer:90 - Onset detected at t=409.501s
2026-06-07 08:24:33.781 | DEBUG    | analysis.rhythm_analyzer:_detect_onset_in_buffer:90 - Onset detected at t=410.012s
